/****************************************************************************
** Resource object code
**
** Created by: The Resource Compiler for Qt version 6.8.3
**
** WARNING! All changes made in this file will be lost!
*****************************************************************************/

#ifdef _MSC_VER
// disable informational message "function ... selected for automatic inline expansion"
#pragma warning (disable: 4711)
#endif

static const unsigned char qt_resource_data[] = {
  // StyleRectangle.qml
  0x0,0x0,0x0,0xe6,
  0x2f,
  0x2f,0x20,0x43,0x6f,0x70,0x79,0x72,0x69,0x67,0x68,0x74,0x20,0x28,0x43,0x29,0x20,
  0x32,0x30,0x32,0x31,0x20,0x54,0x68,0x65,0x20,0x51,0x74,0x20,0x43,0x6f,0x6d,0x70,
  0x61,0x6e,0x79,0x20,0x4c,0x74,0x64,0x2e,0xd,0xa,0x2f,0x2f,0x20,0x53,0x50,0x44,
  0x58,0x2d,0x4c,0x69,0x63,0x65,0x6e,0x73,0x65,0x2d,0x49,0x64,0x65,0x6e,0x74,0x69,
  0x66,0x69,0x65,0x72,0x3a,0x20,0x4c,0x69,0x63,0x65,0x6e,0x73,0x65,0x52,0x65,0x66,
  0x2d,0x51,0x74,0x2d,0x43,0x6f,0x6d,0x6d,0x65,0x72,0x63,0x69,0x61,0x6c,0x20,0x4f,
  0x52,0x20,0x42,0x53,0x44,0x2d,0x33,0x2d,0x43,0x6c,0x61,0x75,0x73,0x65,0xd,0xa,
  0xd,0xa,0x69,0x6d,0x70,0x6f,0x72,0x74,0x20,0x51,0x74,0x51,0x75,0x69,0x63,0x6b,
  0xd,0xa,0xd,0xa,0x52,0x65,0x63,0x74,0x61,0x6e,0x67,0x6c,0x65,0x20,0x7b,0xd,
  0xa,0x20,0x20,0x20,0x20,0x6f,0x70,0x61,0x63,0x69,0x74,0x79,0x3a,0x20,0x30,0x2e,
  0x35,0xd,0xa,0x20,0x20,0x20,0x20,0x62,0x6f,0x72,0x64,0x65,0x72,0x2e,0x63,0x6f,
  0x6c,0x6f,0x72,0x3a,0x20,0x22,0x62,0x6c,0x61,0x63,0x6b,0x22,0xd,0xa,0x20,0x20,
  0x20,0x20,0x62,0x6f,0x72,0x64,0x65,0x72,0x2e,0x77,0x69,0x64,0x74,0x68,0x3a,0x20,
  0x31,0xd,0xa,0x20,0x20,0x20,0x20,0x72,0x61,0x64,0x69,0x75,0x73,0x3a,0x20,0x33,
  0xd,0xa,0x7d,0xd,0xa,
    // Playback.qml
  0x0,0x0,0x4,0x75,
  0x2f,
  0x2f,0x20,0x43,0x6f,0x70,0x79,0x72,0x69,0x67,0x68,0x74,0x20,0x28,0x43,0x29,0x20,
  0x32,0x30,0x32,0x31,0x20,0x54,0x68,0x65,0x20,0x51,0x74,0x20,0x43,0x6f,0x6d,0x70,
  0x61,0x6e,0x79,0x20,0x4c,0x74,0x64,0x2e,0xd,0xa,0x2f,0x2f,0x20,0x53,0x50,0x44,
  0x58,0x2d,0x4c,0x69,0x63,0x65,0x6e,0x73,0x65,0x2d,0x49,0x64,0x65,0x6e,0x74,0x69,
  0x66,0x69,0x65,0x72,0x3a,0x20,0x4c,0x69,0x63,0x65,0x6e,0x73,0x65,0x52,0x65,0x66,
  0x2d,0x51,0x74,0x2d,0x43,0x6f,0x6d,0x6d,0x65,0x72,0x63,0x69,0x61,0x6c,0x20,0x4f,
  0x52,0x20,0x42,0x53,0x44,0x2d,0x33,0x2d,0x43,0x6c,0x61,0x75,0x73,0x65,0xd,0xa,
  0xd,0xa,0x69,0x6d,0x70,0x6f,0x72,0x74,0x20,0x51,0x74,0x51,0x75,0x69,0x63,0x6b,
  0xd,0xa,0x69,0x6d,0x70,0x6f,0x72,0x74,0x20,0x51,0x74,0x4d,0x75,0x6c,0x74,0x69,
  0x6d,0x65,0x64,0x69,0x61,0xd,0xa,0x69,0x6d,0x70,0x6f,0x72,0x74,0x20,0x51,0x74,
  0x51,0x75,0x69,0x63,0x6b,0x2e,0x43,0x6f,0x6e,0x74,0x72,0x6f,0x6c,0x73,0xd,0xa,
  0xd,0xa,0x49,0x74,0x65,0x6d,0x20,0x7b,0xd,0xa,0x20,0x20,0x20,0x20,0x69,0x64,
  0x3a,0x20,0x72,0x6f,0x6f,0x74,0xd,0xa,0xd,0xa,0x20,0x20,0x20,0x20,0x70,0x72,
  0x6f,0x70,0x65,0x72,0x74,0x79,0x20,0x62,0x6f,0x6f,0x6c,0x20,0x61,0x63,0x74,0x69,
  0x76,0x65,0x3a,0x20,0x66,0x61,0x6c,0x73,0x65,0xd,0xa,0x20,0x20,0x20,0x20,0x70,
  0x72,0x6f,0x70,0x65,0x72,0x74,0x79,0x20,0x62,0x6f,0x6f,0x6c,0x20,0x70,0x6c,0x61,
  0x79,0x69,0x6e,0x67,0x3a,0x20,0x66,0x61,0x6c,0x73,0x65,0xd,0xa,0x20,0x20,0x20,
  0x20,0x76,0x69,0x73,0x69,0x62,0x6c,0x65,0x3a,0x20,0x61,0x63,0x74,0x69,0x76,0x65,
  0x20,0x26,0x26,0x20,0x70,0x6c,0x61,0x79,0x69,0x6e,0x67,0xd,0xa,0xd,0xa,0x20,
  0x20,0x20,0x20,0x66,0x75,0x6e,0x63,0x74,0x69,0x6f,0x6e,0x20,0x70,0x6c,0x61,0x79,
  0x55,0x72,0x6c,0x28,0x75,0x72,0x6c,0x29,0x20,0x7b,0xd,0xa,0x20,0x20,0x20,0x20,
  0x20,0x20,0x20,0x20,0x70,0x6c,0x61,0x79,0x69,0x6e,0x67,0x20,0x3d,0x20,0x74,0x72,
  0x75,0x65,0xd,0xa,0x20,0x20,0x20,0x20,0x20,0x20,0x20,0x20,0x6d,0x65,0x64,0x69,
  0x61,0x50,0x6c,0x61,0x79,0x65,0x72,0x2e,0x73,0x6f,0x75,0x72,0x63,0x65,0x20,0x3d,
  0x20,0x75,0x72,0x6c,0xd,0xa,0x20,0x20,0x20,0x20,0x20,0x20,0x20,0x20,0x6d,0x65,
  0x64,0x69,0x61,0x50,0x6c,0x61,0x79,0x65,0x72,0x2e,0x70,0x6c,0x61,0x79,0x28,0x29,
  0xd,0xa,0x20,0x20,0x20,0x20,0x7d,0xd,0xa,0xd,0xa,0x20,0x20,0x20,0x20,0x66,
  0x75,0x6e,0x63,0x74,0x69,0x6f,0x6e,0x20,0x73,0x74,0x6f,0x70,0x28,0x29,0x20,0x7b,
  0xd,0xa,0x20,0x20,0x20,0x20,0x20,0x20,0x20,0x20,0x70,0x6c,0x61,0x79,0x69,0x6e,
  0x67,0x20,0x3d,0x20,0x66,0x61,0x6c,0x73,0x65,0xd,0xa,0x20,0x20,0x20,0x20,0x20,
  0x20,0x20,0x20,0x6d,0x65,0x64,0x69,0x61,0x50,0x6c,0x61,0x79,0x65,0x72,0x2e,0x73,
  0x74,0x6f,0x70,0x28,0x29,0xd,0xa,0x20,0x20,0x20,0x20,0x7d,0xd,0xa,0xd,0xa,
  0x20,0x20,0x20,0x20,0x6f,0x6e,0x41,0x63,0x74,0x69,0x76,0x65,0x43,0x68,0x61,0x6e,
  0x67,0x65,0x64,0x3a,0x20,0x66,0x75,0x6e,0x63,0x74,0x69,0x6f,0x6e,0x28,0x29,0x20,
  0x7b,0xd,0xa,0x20,0x20,0x20,0x20,0x20,0x20,0x20,0x20,0x69,0x66,0x20,0x28,0x21,
  0x61,0x63,0x74,0x69,0x76,0x65,0x29,0xd,0xa,0x20,0x20,0x20,0x20,0x20,0x20,0x20,
  0x20,0x20,0x20,0x20,0x20,0x73,0x74,0x6f,0x70,0x28,0x29,0x3b,0xd,0xa,0x20,0x20,
  0x20,0x20,0x7d,0xd,0xa,0xd,0xa,0x20,0x20,0x20,0x20,0x56,0x69,0x64,0x65,0x6f,
  0x4f,0x75,0x74,0x70,0x75,0x74,0x20,0x7b,0xd,0xa,0x20,0x20,0x20,0x20,0x20,0x20,
  0x20,0x20,0x61,0x6e,0x63,0x68,0x6f,0x72,0x73,0x2e,0x66,0x69,0x6c,0x6c,0x3a,0x20,
  0x70,0x61,0x72,0x65,0x6e,0x74,0xd,0xa,0x20,0x20,0x20,0x20,0x20,0x20,0x20,0x20,
  0x69,0x64,0x3a,0x20,0x76,0x69,0x64,0x65,0x6f,0x4f,0x75,0x74,0x70,0x75,0x74,0xd,
  0xa,0x20,0x20,0x20,0x20,0x7d,0xd,0xa,0xd,0xa,0x20,0x20,0x20,0x20,0x4d,0x65,
  0x64,0x69,0x61,0x50,0x6c,0x61,0x79,0x65,0x72,0x20,0x7b,0xd,0xa,0x20,0x20,0x20,
  0x20,0x20,0x20,0x20,0x20,0x69,0x64,0x3a,0x20,0x6d,0x65,0x64,0x69,0x61,0x50,0x6c,
  0x61,0x79,0x65,0x72,0xd,0xa,0x20,0x20,0x20,0x20,0x20,0x20,0x20,0x20,0x76,0x69,
  0x64,0x65,0x6f,0x4f,0x75,0x74,0x70,0x75,0x74,0x3a,0x20,0x76,0x69,0x64,0x65,0x6f,
  0x4f,0x75,0x74,0x70,0x75,0x74,0xd,0xa,0x20,0x20,0x20,0x20,0x20,0x20,0x20,0x20,
  0x61,0x75,0x64,0x69,0x6f,0x4f,0x75,0x74,0x70,0x75,0x74,0x3a,0x20,0x41,0x75,0x64,
  0x69,0x6f,0x4f,0x75,0x74,0x70,0x75,0x74,0x20,0x7b,0x7d,0xd,0xa,0x20,0x20,0x20,
  0x20,0x7d,0xd,0xa,0xd,0xa,0x20,0x20,0x20,0x20,0x48,0x6f,0x76,0x65,0x72,0x48,
  0x61,0x6e,0x64,0x6c,0x65,0x72,0x20,0x7b,0x20,0x69,0x64,0x3a,0x20,0x68,0x6f,0x76,
  0x65,0x72,0x20,0x7d,0xd,0xa,0xd,0xa,0x20,0x20,0x20,0x20,0x52,0x6f,0x75,0x6e,
  0x64,0x42,0x75,0x74,0x74,0x6f,0x6e,0x20,0x7b,0xd,0xa,0x20,0x20,0x20,0x20,0x20,
  0x20,0x20,0x20,0x77,0x69,0x64,0x74,0x68,0x3a,0x20,0x35,0x30,0xd,0xa,0x20,0x20,
  0x20,0x20,0x20,0x20,0x20,0x20,0x68,0x65,0x69,0x67,0x68,0x74,0x3a,0x20,0x35,0x30,
  0xd,0xa,0x20,0x20,0x20,0x20,0x20,0x20,0x20,0x20,0x6f,0x70,0x61,0x63,0x69,0x74,
  0x79,0x3a,0x20,0x68,0x6f,0x76,0x65,0x72,0x2e,0x68,0x6f,0x76,0x65,0x72,0x65,0x64,
  0x20,0x26,0x26,0x20,0x61,0x63,0x74,0x69,0x76,0x65,0x20,0x3f,0x20,0x31,0x2e,0x30,
  0x20,0x3a,0x20,0x30,0x2e,0x30,0xd,0xa,0x20,0x20,0x20,0x20,0x20,0x20,0x20,0x20,
  0x61,0x6e,0x63,0x68,0x6f,0x72,0x73,0x2e,0x63,0x65,0x6e,0x74,0x65,0x72,0x49,0x6e,
  0x3a,0x20,0x72,0x6f,0x6f,0x74,0xd,0xa,0x20,0x20,0x20,0x20,0x20,0x20,0x20,0x20,
  0x72,0x61,0x64,0x69,0x75,0x73,0x3a,0x20,0x32,0x35,0xd,0xa,0x20,0x20,0x20,0x20,
  0x20,0x20,0x20,0x20,0x74,0x65,0x78,0x74,0x3a,0x20,0x22,0x5c,0x75,0x32,0x35,0x41,
  0x30,0x22,0x3b,0xd,0xa,0x20,0x20,0x20,0x20,0x20,0x20,0x20,0x20,0x6f,0x6e,0x43,
  0x6c,0x69,0x63,0x6b,0x65,0x64,0x3a,0x20,0x72,0x6f,0x6f,0x74,0x2e,0x73,0x74,0x6f,
  0x70,0x28,0x29,0xd,0xa,0xd,0xa,0x20,0x20,0x20,0x20,0x20,0x20,0x20,0x20,0x42,
  0x65,0x68,0x61,0x76,0x69,0x6f,0x72,0x20,0x6f,0x6e,0x20,0x6f,0x70,0x61,0x63,0x69,
  0x74,0x79,0x20,0x7b,0x20,0x4e,0x75,0x6d,0x62,0x65,0x72,0x41,0x6e,0x69,0x6d,0x61,
  0x74,0x69,0x6f,0x6e,0x20,0x7b,0x20,0x64,0x75,0x72,0x61,0x74,0x69,0x6f,0x6e,0x3a,
  0x20,0x32,0x30,0x30,0x20,0x7d,0x20,0x7d,0xd,0xa,0x20,0x20,0x20,0x20,0x7d,0xd,
  0xa,0x7d,0xd,0xa,
    // MediaList.qml
  0x0,0x0,0x8,0x97,
  0x2f,
  0x2f,0x20,0x43,0x6f,0x70,0x79,0x72,0x69,0x67,0x68,0x74,0x20,0x28,0x43,0x29,0x20,
  0x32,0x30,0x32,0x31,0x20,0x54,0x68,0x65,0x20,0x51,0x74,0x20,0x43,0x6f,0x6d,0x70,
  0x61,0x6e,0x79,0x20,0x4c,0x74,0x64,0x2e,0xd,0xa,0x2f,0x2f,0x20,0x53,0x50,0x44,
  0x58,0x2d,0x4c,0x69,0x63,0x65,0x6e,0x73,0x65,0x2d,0x49,0x64,0x65,0x6e,0x74,0x69,
  0x66,0x69,0x65,0x72,0x3a,0x20,0x4c,0x69,0x63,0x65,0x6e,0x73,0x65,0x52,0x65,0x66,
  0x2d,0x51,0x74,0x2d,0x43,0x6f,0x6d,0x6d,0x65,0x72,0x63,0x69,0x61,0x6c,0x20,0x4f,
  0x52,0x20,0x42,0x53,0x44,0x2d,0x33,0x2d,0x43,0x6c,0x61,0x75,0x73,0x65,0xd,0xa,
  0xd,0xa,0x69,0x6d,0x70,0x6f,0x72,0x74,0x20,0x51,0x74,0x51,0x75,0x69,0x63,0x6b,
  0xd,0xa,0x69,0x6d,0x70,0x6f,0x72,0x74,0x20,0x51,0x74,0x51,0x75,0x69,0x63,0x6b,
  0x2e,0x43,0x6f,0x6e,0x74,0x72,0x6f,0x6c,0x73,0xd,0xa,0x69,0x6d,0x70,0x6f,0x72,
  0x74,0x20,0x51,0x74,0x4d,0x75,0x6c,0x74,0x69,0x6d,0x65,0x64,0x69,0x61,0xd,0xa,
  0x69,0x6d,0x70,0x6f,0x72,0x74,0x20,0x51,0x74,0x51,0x75,0x69,0x63,0x6b,0x2e,0x4c,
  0x61,0x79,0x6f,0x75,0x74,0x73,0xd,0xa,0xd,0xa,0x49,0x74,0x65,0x6d,0x20,0x7b,
  0xd,0xa,0x20,0x20,0x20,0x20,0x69,0x64,0x3a,0x20,0x72,0x6f,0x6f,0x74,0xd,0xa,
  0xd,0xa,0x20,0x20,0x20,0x20,0x72,0x65,0x71,0x75,0x69,0x72,0x65,0x64,0x20,0x70,
  0x72,0x6f,0x70,0x65,0x72,0x74,0x79,0x20,0x50,0x6c,0x61,0x79,0x62,0x61,0x63,0x6b,
  0x20,0x70,0x6c,0x61,0x79,0x62,0x61,0x63,0x6b,0xd,0xa,0xd,0xa,0x20,0x20,0x20,
  0x20,0x70,0x72,0x6f,0x70,0x65,0x72,0x74,0x79,0x20,0x73,0x74,0x72,0x69,0x6e,0x67,
  0x20,0x6d,0x65,0x64,0x69,0x61,0x55,0x72,0x6c,0xd,0xa,0xd,0xa,0x20,0x20,0x20,
  0x20,0x66,0x75,0x6e,0x63,0x74,0x69,0x6f,0x6e,0x20,0x67,0x65,0x74,0x46,0x69,0x6c,
  0x65,0x4e,0x61,0x6d,0x65,0x28,0x75,0x72,0x6c,0x29,0x20,0x7b,0xd,0xa,0x20,0x20,
  0x20,0x20,0x20,0x20,0x20,0x20,0x76,0x61,0x72,0x20,0x70,0x61,0x74,0x68,0x20,0x3d,
  0x20,0x75,0x72,0x6c,0x2e,0x74,0x6f,0x53,0x74,0x72,0x69,0x6e,0x67,0x28,0x29,0xd,
  0xa,0x20,0x20,0x20,0x20,0x20,0x20,0x20,0x20,0x76,0x61,0x72,0x20,0x6c,0x61,0x73,
  0x74,0x53,0x6c,0x61,0x73,0x68,0x20,0x3d,0x20,0x70,0x61,0x74,0x68,0x2e,0x6c,0x61,
  0x73,0x74,0x49,0x6e,0x64,0x65,0x78,0x4f,0x66,0x28,0x27,0x2f,0x27,0x29,0xd,0xa,
  0x20,0x20,0x20,0x20,0x20,0x20,0x20,0x20,0x69,0x66,0x20,0x28,0x6c,0x61,0x73,0x74,
  0x53,0x6c,0x61,0x73,0x68,0x20,0x3e,0x3d,0x20,0x30,0x29,0x20,0x7b,0xd,0xa,0x20,
  0x20,0x20,0x20,0x20,0x20,0x20,0x20,0x20,0x20,0x20,0x20,0x72,0x65,0x74,0x75,0x72,
  0x6e,0x20,0x70,0x61,0x74,0x68,0x2e,0x73,0x75,0x62,0x73,0x74,0x72,0x69,0x6e,0x67,
  0x28,0x6c,0x61,0x73,0x74,0x53,0x6c,0x61,0x73,0x68,0x20,0x2b,0x20,0x31,0x29,0xd,
  0xa,0x20,0x20,0x20,0x20,0x20,0x20,0x20,0x20,0x7d,0xd,0xa,0x20,0x20,0x20,0x20,
  0x20,0x20,0x20,0x20,0x76,0x61,0x72,0x20,0x6c,0x61,0x73,0x74,0x42,0x61,0x63,0x6b,
  0x73,0x6c,0x61,0x73,0x68,0x20,0x3d,0x20,0x70,0x61,0x74,0x68,0x2e,0x6c,0x61,0x73,
  0x74,0x49,0x6e,0x64,0x65,0x78,0x4f,0x66,0x28,0x27,0x5c,0x5c,0x27,0x29,0xd,0xa,
  0x20,0x20,0x20,0x20,0x20,0x20,0x20,0x20,0x69,0x66,0x20,0x28,0x6c,0x61,0x73,0x74,
  0x42,0x61,0x63,0x6b,0x73,0x6c,0x61,0x73,0x68,0x20,0x3e,0x3d,0x20,0x30,0x29,0x20,
  0x7b,0xd,0xa,0x20,0x20,0x20,0x20,0x20,0x20,0x20,0x20,0x20,0x20,0x20,0x20,0x72,
  0x65,0x74,0x75,0x72,0x6e,0x20,0x70,0x61,0x74,0x68,0x2e,0x73,0x75,0x62,0x73,0x74,
  0x72,0x69,0x6e,0x67,0x28,0x6c,0x61,0x73,0x74,0x42,0x61,0x63,0x6b,0x73,0x6c,0x61,
  0x73,0x68,0x20,0x2b,0x20,0x31,0x29,0xd,0xa,0x20,0x20,0x20,0x20,0x20,0x20,0x20,
  0x20,0x7d,0xd,0xa,0x20,0x20,0x20,0x20,0x20,0x20,0x20,0x20,0x72,0x65,0x74,0x75,
  0x72,0x6e,0x20,0x70,0x61,0x74,0x68,0xd,0xa,0x20,0x20,0x20,0x20,0x7d,0xd,0xa,
  0xd,0xa,0x20,0x20,0x20,0x20,0x66,0x75,0x6e,0x63,0x74,0x69,0x6f,0x6e,0x20,0x61,
  0x70,0x70,0x65,0x6e,0x64,0x28,0x29,0x20,0x7b,0xd,0xa,0x20,0x20,0x20,0x20,0x20,
  0x20,0x20,0x20,0x69,0x66,0x20,0x28,0x6d,0x65,0x64,0x69,0x61,0x55,0x72,0x6c,0x20,
  0x21,0x3d,0x3d,0x20,0x22,0x22,0x29,0xd,0xa,0x20,0x20,0x20,0x20,0x20,0x20,0x20,
  0x20,0x20,0x20,0x20,0x20,0x6d,0x65,0x64,0x69,0x61,0x4c,0x69,0x73,0x74,0x2e,0x61,
  0x70,0x70,0x65,0x6e,0x64,0x28,0x7b,0x22,0x75,0x72,0x6c,0x22,0x3a,0x20,0x72,0x6f,
  0x6f,0x74,0x2e,0x6d,0x65,0x64,0x69,0x61,0x55,0x72,0x6c,0x2c,0x20,0x22,0x66,0x69,
  0x6c,0x65,0x4e,0x61,0x6d,0x65,0x22,0x3a,0x20,0x67,0x65,0x74,0x46,0x69,0x6c,0x65,
  0x4e,0x61,0x6d,0x65,0x28,0x72,0x6f,0x6f,0x74,0x2e,0x6d,0x65,0x64,0x69,0x61,0x55,
  0x72,0x6c,0x29,0x7d,0x29,0xd,0xa,0x20,0x20,0x20,0x20,0x20,0x20,0x20,0x20,0x6d,
  0x65,0x64,0x69,0x61,0x55,0x72,0x6c,0x20,0x3d,0x20,0x22,0x22,0xd,0xa,0x20,0x20,
  0x20,0x20,0x7d,0xd,0xa,0xd,0xa,0x20,0x20,0x20,0x20,0x4c,0x69,0x73,0x74,0x4d,
  0x6f,0x64,0x65,0x6c,0x20,0x7b,0x20,0x69,0x64,0x3a,0x20,0x6d,0x65,0x64,0x69,0x61,
  0x4c,0x69,0x73,0x74,0x20,0x7d,0xd,0xa,0xd,0xa,0x20,0x20,0x20,0x20,0x4c,0x69,
  0x73,0x74,0x56,0x69,0x65,0x77,0x20,0x7b,0xd,0xa,0x20,0x20,0x20,0x20,0x20,0x20,
  0x20,0x20,0x69,0x64,0x3a,0x20,0x6c,0x69,0x73,0x74,0x56,0x69,0x65,0x77,0xd,0xa,
  0x20,0x20,0x20,0x20,0x20,0x20,0x20,0x20,0x61,0x6e,0x63,0x68,0x6f,0x72,0x73,0x2e,
  0x66,0x69,0x6c,0x6c,0x3a,0x20,0x70,0x61,0x72,0x65,0x6e,0x74,0xd,0xa,0x20,0x20,
  0x20,0x20,0x20,0x20,0x20,0x20,0x6d,0x6f,0x64,0x65,0x6c,0x3a,0x20,0x20,0x6d,0x65,
  0x64,0x69,0x61,0x4c,0x69,0x73,0x74,0xd,0xa,0x20,0x20,0x20,0x20,0x20,0x20,0x20,
  0x20,0x6f,0x72,0x69,0x65,0x6e,0x74,0x61,0x74,0x69,0x6f,0x6e,0x3a,0x20,0x4c,0x69,
  0x73,0x74,0x56,0x69,0x65,0x77,0x2e,0x48,0x6f,0x72,0x69,0x7a,0x6f,0x6e,0x74,0x61,
  0x6c,0xd,0xa,0x20,0x20,0x20,0x20,0x20,0x20,0x20,0x20,0x73,0x70,0x61,0x63,0x69,
  0x6e,0x67,0x3a,0x20,0x53,0x74,0x79,0x6c,0x65,0x2e,0x69,0x6e,0x74,0x72,0x61,0x53,
  0x70,0x61,0x63,0x69,0x6e,0x67,0xd,0xa,0xd,0xa,0x20,0x20,0x20,0x20,0x20,0x20,
  0x20,0x20,0x64,0x65,0x6c,0x65,0x67,0x61,0x74,0x65,0x3a,0x20,0x46,0x72,0x61,0x6d,
  0x65,0x20,0x7b,0xd,0xa,0x20,0x20,0x20,0x20,0x20,0x20,0x20,0x20,0x20,0x20,0x20,
  0x20,0x70,0x61,0x64,0x64,0x69,0x6e,0x67,0x3a,0x20,0x53,0x74,0x79,0x6c,0x65,0x2e,
  0x69,0x6e,0x74,0x72,0x61,0x53,0x70,0x61,0x63,0x69,0x6e,0x67,0xd,0xa,0x20,0x20,
  0x20,0x20,0x20,0x20,0x20,0x20,0x20,0x20,0x20,0x20,0x77,0x69,0x64,0x74,0x68,0x3a,
  0x20,0x72,0x6f,0x6f,0x74,0x2e,0x68,0x65,0x69,0x67,0x68,0x74,0xd,0xa,0x20,0x20,
  0x20,0x20,0x20,0x20,0x20,0x20,0x20,0x20,0x20,0x20,0x68,0x65,0x69,0x67,0x68,0x74,
  0x3a,0x20,0x72,0x6f,0x6f,0x74,0x2e,0x68,0x65,0x69,0x67,0x68,0x74,0xd,0xa,0x20,
  0x20,0x20,0x20,0x20,0x20,0x20,0x20,0x20,0x20,0x20,0x20,0x62,0x61,0x63,0x6b,0x67,
  0x72,0x6f,0x75,0x6e,0x64,0x3a,0x20,0x53,0x74,0x79,0x6c,0x65,0x52,0x65,0x63,0x74,
  0x61,0x6e,0x67,0x6c,0x65,0x20,0x7b,0x20,0x61,0x6e,0x63,0x68,0x6f,0x72,0x73,0x2e,
  0x66,0x69,0x6c,0x6c,0x3a,0x20,0x70,0x61,0x72,0x65,0x6e,0x74,0x20,0x7d,0xd,0xa,
  0xd,0xa,0x20,0x20,0x20,0x20,0x20,0x20,0x20,0x20,0x20,0x20,0x20,0x20,0x72,0x65,
  0x71,0x75,0x69,0x72,0x65,0x64,0x20,0x70,0x72,0x6f,0x70,0x65,0x72,0x74,0x79,0x20,
  0x73,0x74,0x72,0x69,0x6e,0x67,0x20,0x75,0x72,0x6c,0xd,0xa,0x20,0x20,0x20,0x20,
  0x20,0x20,0x20,0x20,0x20,0x20,0x20,0x20,0x72,0x65,0x71,0x75,0x69,0x72,0x65,0x64,
  0x20,0x70,0x72,0x6f,0x70,0x65,0x72,0x74,0x79,0x20,0x73,0x74,0x72,0x69,0x6e,0x67,
  0x20,0x66,0x69,0x6c,0x65,0x4e,0x61,0x6d,0x65,0xd,0xa,0xd,0xa,0x20,0x20,0x20,
  0x20,0x20,0x20,0x20,0x20,0x20,0x20,0x20,0x20,0x43,0x6f,0x6c,0x75,0x6d,0x6e,0x4c,
  0x61,0x79,0x6f,0x75,0x74,0x20,0x7b,0xd,0xa,0x20,0x20,0x20,0x20,0x20,0x20,0x20,
  0x20,0x20,0x20,0x20,0x20,0x20,0x20,0x20,0x20,0x61,0x6e,0x63,0x68,0x6f,0x72,0x73,
  0x2e,0x66,0x69,0x6c,0x6c,0x3a,0x20,0x70,0x61,0x72,0x65,0x6e,0x74,0xd,0xa,0x20,
  0x20,0x20,0x20,0x20,0x20,0x20,0x20,0x20,0x20,0x20,0x20,0x20,0x20,0x20,0x20,0x49,
  0x6d,0x61,0x67,0x65,0x20,0x7b,0xd,0xa,0x20,0x20,0x20,0x20,0x20,0x20,0x20,0x20,
  0x20,0x20,0x20,0x20,0x20,0x20,0x20,0x20,0x20,0x20,0x20,0x20,0x4c,0x61,0x79,0x6f,
  0x75,0x74,0x2e,0x66,0x69,0x6c,0x6c,0x57,0x69,0x64,0x74,0x68,0x3a,0x20,0x74,0x72,
  0x75,0x65,0xd,0xa,0x20,0x20,0x20,0x20,0x20,0x20,0x20,0x20,0x20,0x20,0x20,0x20,
  0x20,0x20,0x20,0x20,0x20,0x20,0x20,0x20,0x4c,0x61,0x79,0x6f,0x75,0x74,0x2e,0x66,
  0x69,0x6c,0x6c,0x48,0x65,0x69,0x67,0x68,0x74,0x3a,0x20,0x74,0x72,0x75,0x65,0xd,
  0xa,0x20,0x20,0x20,0x20,0x20,0x20,0x20,0x20,0x20,0x20,0x20,0x20,0x20,0x20,0x20,
  0x20,0x20,0x20,0x20,0x20,0x73,0x6f,0x75,0x72,0x63,0x65,0x3a,0x20,0x22,0x71,0x72,
  0x63,0x3a,0x2f,0x71,0x74,0x2d,0x70,0x72,0x6f,0x6a,0x65,0x63,0x74,0x2e,0x6f,0x72,
  0x67,0x2f,0x69,0x6d,0x70,0x6f,0x72,0x74,0x73,0x2f,0x51,0x74,0x51,0x75,0x69,0x63,
  0x6b,0x2f,0x43,0x6f,0x6e,0x74,0x72,0x6f,0x6c,0x73,0x2f,0x69,0x6d,0x61,0x67,0x65,
  0x73,0x2f,0x76,0x69,0x64,0x65,0x6f,0x2d,0x70,0x72,0x65,0x76,0x69,0x65,0x77,0x2e,
  0x70,0x6e,0x67,0x22,0xd,0xa,0x20,0x20,0x20,0x20,0x20,0x20,0x20,0x20,0x20,0x20,
  0x20,0x20,0x20,0x20,0x20,0x20,0x20,0x20,0x20,0x20,0x66,0x69,0x6c,0x6c,0x4d,0x6f,
  0x64,0x65,0x3a,0x20,0x49,0x6d,0x61,0x67,0x65,0x2e,0x50,0x72,0x65,0x73,0x65,0x72,
  0x76,0x65,0x41,0x73,0x70,0x65,0x63,0x74,0x46,0x69,0x74,0xd,0xa,0x20,0x20,0x20,
  0x20,0x20,0x20,0x20,0x20,0x20,0x20,0x20,0x20,0x20,0x20,0x20,0x20,0x20,0x20,0x20,
  0x20,0x61,0x73,0x79,0x6e,0x63,0x68,0x72,0x6f,0x6e,0x6f,0x75,0x73,0x3a,0x20,0x74,
  0x72,0x75,0x65,0xd,0xa,0x20,0x20,0x20,0x20,0x20,0x20,0x20,0x20,0x20,0x20,0x20,
  0x20,0x20,0x20,0x20,0x20,0x7d,0xd,0xa,0xd,0xa,0x20,0x20,0x20,0x20,0x20,0x20,
  0x20,0x20,0x20,0x20,0x20,0x20,0x20,0x20,0x20,0x20,0x54,0x65,0x78,0x74,0x20,0x7b,
  0xd,0xa,0x20,0x20,0x20,0x20,0x20,0x20,0x20,0x20,0x20,0x20,0x20,0x20,0x20,0x20,
  0x20,0x20,0x20,0x20,0x20,0x20,0x4c,0x61,0x79,0x6f,0x75,0x74,0x2e,0x66,0x69,0x6c,
  0x6c,0x57,0x69,0x64,0x74,0x68,0x3a,0x20,0x74,0x72,0x75,0x65,0xd,0xa,0x20,0x20,
  0x20,0x20,0x20,0x20,0x20,0x20,0x20,0x20,0x20,0x20,0x20,0x20,0x20,0x20,0x20,0x20,
  0x20,0x20,0x65,0x6c,0x69,0x64,0x65,0x3a,0x20,0x54,0x65,0x78,0x74,0x2e,0x45,0x6c,
  0x69,0x64,0x65,0x4c,0x65,0x66,0x74,0xd,0xa,0x20,0x20,0x20,0x20,0x20,0x20,0x20,
  0x20,0x20,0x20,0x20,0x20,0x20,0x20,0x20,0x20,0x20,0x20,0x20,0x20,0x74,0x65,0x78,
  0x74,0x3a,0x20,0x66,0x69,0x6c,0x65,0x4e,0x61,0x6d,0x65,0xd,0xa,0x20,0x20,0x20,
  0x20,0x20,0x20,0x20,0x20,0x20,0x20,0x20,0x20,0x20,0x20,0x20,0x20,0x7d,0xd,0xa,
  0x20,0x20,0x20,0x20,0x20,0x20,0x20,0x20,0x20,0x20,0x20,0x20,0x7d,0xd,0xa,0x20,
  0x20,0x20,0x20,0x20,0x20,0x20,0x20,0x20,0x20,0x20,0x20,0x52,0x6f,0x75,0x6e,0x64,
  0x42,0x75,0x74,0x74,0x6f,0x6e,0x20,0x7b,0xd,0xa,0x20,0x20,0x20,0x20,0x20,0x20,
  0x20,0x20,0x20,0x20,0x20,0x20,0x20,0x20,0x20,0x20,0x61,0x6e,0x63,0x68,0x6f,0x72,
  0x73,0x2e,0x63,0x65,0x6e,0x74,0x65,0x72,0x49,0x6e,0x3a,0x20,0x70,0x61,0x72,0x65,
  0x6e,0x74,0xd,0xa,0x20,0x20,0x20,0x20,0x20,0x20,0x20,0x20,0x20,0x20,0x20,0x20,
  0x20,0x20,0x20,0x20,0x77,0x69,0x64,0x74,0x68,0x3a,0x20,0x33,0x30,0xd,0xa,0x20,
  0x20,0x20,0x20,0x20,0x20,0x20,0x20,0x20,0x20,0x20,0x20,0x20,0x20,0x20,0x20,0x68,
  0x65,0x69,0x67,0x68,0x74,0x3a,0x20,0x33,0x30,0xd,0xa,0x20,0x20,0x20,0x20,0x20,
  0x20,0x20,0x20,0x20,0x20,0x20,0x20,0x20,0x20,0x20,0x20,0x74,0x65,0x78,0x74,0x3a,
  0x20,0x22,0x5c,0x75,0x32,0x35,0x42,0x36,0x22,0x3b,0xd,0xa,0x20,0x20,0x20,0x20,
  0x20,0x20,0x20,0x20,0x20,0x20,0x20,0x20,0x20,0x20,0x20,0x20,0x6f,0x6e,0x43,0x6c,
  0x69,0x63,0x6b,0x65,0x64,0x3a,0x20,0x7b,0x20,0x70,0x6c,0x61,0x79,0x62,0x61,0x63,
  0x6b,0x2e,0x70,0x6c,0x61,0x79,0x55,0x72,0x6c,0x28,0x75,0x72,0x6c,0x29,0x20,0x7d,
  0xd,0xa,0x20,0x20,0x20,0x20,0x20,0x20,0x20,0x20,0x20,0x20,0x20,0x20,0x7d,0xd,
  0xa,0x20,0x20,0x20,0x20,0x20,0x20,0x20,0x20,0x7d,0xd,0xa,0x20,0x20,0x20,0x20,
  0x7d,0xd,0xa,0x7d,0xd,0xa,
    // Controls.qml
  0x0,0x0,0xa,0x9,
  0x2f,
  0x2f,0x20,0x43,0x6f,0x70,0x79,0x72,0x69,0x67,0x68,0x74,0x20,0x28,0x43,0x29,0x20,
  0x32,0x30,0x32,0x31,0x20,0x54,0x68,0x65,0x20,0x51,0x74,0x20,0x43,0x6f,0x6d,0x70,
  0x61,0x6e,0x79,0x20,0x4c,0x74,0x64,0x2e,0xd,0xa,0x2f,0x2f,0x20,0x53,0x50,0x44,
  0x58,0x2d,0x4c,0x69,0x63,0x65,0x6e,0x73,0x65,0x2d,0x49,0x64,0x65,0x6e,0x74,0x69,
  0x66,0x69,0x65,0x72,0x3a,0x20,0x4c,0x69,0x63,0x65,0x6e,0x73,0x65,0x52,0x65,0x66,
  0x2d,0x51,0x74,0x2d,0x43,0x6f,0x6d,0x6d,0x65,0x72,0x63,0x69,0x61,0x6c,0x20,0x4f,
  0x52,0x20,0x42,0x53,0x44,0x2d,0x33,0x2d,0x43,0x6c,0x61,0x75,0x73,0x65,0xd,0xa,
  0xd,0xa,0x69,0x6d,0x70,0x6f,0x72,0x74,0x20,0x51,0x74,0x51,0x75,0x69,0x63,0x6b,
  0xd,0xa,0x69,0x6d,0x70,0x6f,0x72,0x74,0x20,0x51,0x74,0x51,0x75,0x69,0x63,0x6b,
  0x2e,0x43,0x6f,0x6e,0x74,0x72,0x6f,0x6c,0x73,0xd,0xa,0x69,0x6d,0x70,0x6f,0x72,
  0x74,0x20,0x51,0x74,0x51,0x75,0x69,0x63,0x6b,0x2e,0x4c,0x61,0x79,0x6f,0x75,0x74,
  0x73,0xd,0xa,0x69,0x6d,0x70,0x6f,0x72,0x74,0x20,0x51,0x74,0x4d,0x75,0x6c,0x74,
  0x69,0x6d,0x65,0x64,0x69,0x61,0xd,0xa,0xd,0xa,0x52,0x6f,0x77,0x20,0x7b,0xd,
  0xa,0x20,0x20,0x20,0x20,0x69,0x64,0x3a,0x20,0x72,0x6f,0x6f,0x74,0xd,0xa,0x20,
  0x20,0x20,0x20,0x72,0x65,0x71,0x75,0x69,0x72,0x65,0x64,0x20,0x70,0x72,0x6f,0x70,
  0x65,0x72,0x74,0x79,0x20,0x4d,0x65,0x64,0x69,0x61,0x52,0x65,0x63,0x6f,0x72,0x64,
  0x65,0x72,0x20,0x72,0x65,0x63,0x6f,0x72,0x64,0x65,0x72,0xd,0xa,0xd,0xa,0x20,
  0x20,0x20,0x20,0x70,0x72,0x6f,0x70,0x65,0x72,0x74,0x79,0x20,0x62,0x6f,0x6f,0x6c,
  0x20,0x73,0x65,0x74,0x74,0x69,0x6e,0x67,0x73,0x56,0x69,0x73,0x69,0x62,0x6c,0x65,
  0x3a,0x20,0x66,0x61,0x6c,0x73,0x65,0xd,0xa,0x20,0x20,0x20,0x20,0x70,0x72,0x6f,
  0x70,0x65,0x72,0x74,0x79,0x20,0x62,0x6f,0x6f,0x6c,0x20,0x63,0x61,0x70,0x74,0x75,
  0x72,0x65,0x73,0x56,0x69,0x73,0x69,0x62,0x6c,0x65,0x3a,0x20,0x66,0x61,0x6c,0x73,
  0x65,0xd,0xa,0xd,0xa,0x20,0x20,0x20,0x20,0x70,0x72,0x6f,0x70,0x65,0x72,0x74,
  0x79,0x20,0x61,0x6c,0x69,0x61,0x73,0x20,0x61,0x75,0x64,0x69,0x6f,0x49,0x6e,0x70,
  0x75,0x74,0x3a,0x20,0x61,0x75,0x64,0x69,0x6f,0x49,0x6e,0x70,0x75,0x74,0x53,0x65,
  0x6c,0x65,0x63,0x74,0x2e,0x73,0x65,0x6c,0x65,0x63,0x74,0x65,0x64,0xd,0xa,0x20,
  0x20,0x20,0x20,0x70,0x72,0x6f,0x70,0x65,0x72,0x74,0x79,0x20,0x61,0x6c,0x69,0x61,
  0x73,0x20,0x63,0x61,0x6d,0x65,0x72,0x61,0x3a,0x20,0x76,0x69,0x64,0x65,0x6f,0x53,
  0x6f,0x75,0x72,0x63,0x65,0x53,0x65,0x6c,0x65,0x63,0x74,0x2e,0x73,0x65,0x6c,0x65,
  0x63,0x74,0x65,0x64,0x43,0x61,0x6d,0x65,0x72,0x61,0xd,0xa,0x20,0x20,0x20,0x20,
  0x70,0x72,0x6f,0x70,0x65,0x72,0x74,0x79,0x20,0x61,0x6c,0x69,0x61,0x73,0x20,0x73,
  0x63,0x72,0x65,0x65,0x6e,0x43,0x61,0x70,0x74,0x75,0x72,0x65,0x3a,0x20,0x76,0x69,
  0x64,0x65,0x6f,0x53,0x6f,0x75,0x72,0x63,0x65,0x53,0x65,0x6c,0x65,0x63,0x74,0x2e,
  0x73,0x65,0x6c,0x65,0x63,0x74,0x65,0x64,0x53,0x63,0x72,0x65,0x65,0x6e,0x43,0x61,
  0x70,0x74,0x75,0x72,0x65,0xd,0xa,0x20,0x20,0x20,0x20,0x70,0x72,0x6f,0x70,0x65,
  0x72,0x74,0x79,0x20,0x61,0x6c,0x69,0x61,0x73,0x20,0x77,0x69,0x6e,0x64,0x6f,0x77,
  0x43,0x61,0x70,0x74,0x75,0x72,0x65,0x3a,0x20,0x76,0x69,0x64,0x65,0x6f,0x53,0x6f,
  0x75,0x72,0x63,0x65,0x53,0x65,0x6c,0x65,0x63,0x74,0x2e,0x73,0x65,0x6c,0x65,0x63,
  0x74,0x65,0x64,0x57,0x69,0x6e,0x64,0x6f,0x77,0x43,0x61,0x70,0x74,0x75,0x72,0x65,
  0xd,0xa,0xd,0xa,0x20,0x20,0x20,0x20,0x73,0x70,0x61,0x63,0x69,0x6e,0x67,0x3a,
  0x20,0x53,0x74,0x79,0x6c,0x65,0x2e,0x69,0x6e,0x74,0x65,0x72,0x53,0x70,0x61,0x63,
  0x69,0x6e,0x67,0x20,0x2a,0x20,0x53,0x74,0x79,0x6c,0x65,0x2e,0x72,0x61,0x74,0x69,
  0x6f,0xd,0xa,0xd,0xa,0x20,0x20,0x20,0x20,0x43,0x6f,0x6c,0x75,0x6d,0x6e,0x20,
  0x7b,0xd,0xa,0x20,0x20,0x20,0x20,0x20,0x20,0x20,0x20,0x69,0x64,0x3a,0x20,0x69,
  0x6e,0x70,0x75,0x74,0x43,0x6f,0x6e,0x74,0x72,0x6f,0x6c,0x73,0xd,0xa,0x20,0x20,
  0x20,0x20,0x20,0x20,0x20,0x20,0x73,0x70,0x61,0x63,0x69,0x6e,0x67,0x3a,0x20,0x53,
  0x74,0x79,0x6c,0x65,0x2e,0x69,0x6e,0x74,0x72,0x61,0x53,0x70,0x61,0x63,0x69,0x6e,
  0x67,0xd,0xa,0xd,0xa,0x20,0x20,0x20,0x20,0x20,0x20,0x20,0x20,0x56,0x69,0x64,
  0x65,0x6f,0x53,0x6f,0x75,0x72,0x63,0x65,0x53,0x65,0x6c,0x65,0x63,0x74,0x20,0x7b,
  0x20,0x69,0x64,0x3a,0x20,0x76,0x69,0x64,0x65,0x6f,0x53,0x6f,0x75,0x72,0x63,0x65,
  0x53,0x65,0x6c,0x65,0x63,0x74,0x20,0x7d,0xd,0xa,0x20,0x20,0x20,0x20,0x20,0x20,
  0x20,0x20,0x41,0x75,0x64,0x69,0x6f,0x49,0x6e,0x70,0x75,0x74,0x53,0x65,0x6c,0x65,
  0x63,0x74,0x20,0x7b,0x20,0x69,0x64,0x3a,0x20,0x61,0x75,0x64,0x69,0x6f,0x49,0x6e,
  0x70,0x75,0x74,0x53,0x65,0x6c,0x65,0x63,0x74,0x20,0x7d,0xd,0xa,0x20,0x20,0x20,
  0x20,0x7d,0xd,0xa,0xd,0xa,0x20,0x20,0x20,0x20,0x43,0x6f,0x6c,0x75,0x6d,0x6e,
  0x20,0x7b,0xd,0xa,0x20,0x20,0x20,0x20,0x20,0x20,0x20,0x20,0x77,0x69,0x64,0x74,
  0x68,0x3a,0x20,0x72,0x65,0x63,0x6f,0x72,0x64,0x42,0x75,0x74,0x74,0x6f,0x6e,0x2e,
  0x77,0x69,0x64,0x74,0x68,0xd,0xa,0x20,0x20,0x20,0x20,0x20,0x20,0x20,0x20,0x52,
  0x65,0x63,0x6f,0x72,0x64,0x42,0x75,0x74,0x74,0x6f,0x6e,0x20,0x7b,0xd,0xa,0x20,
  0x20,0x20,0x20,0x20,0x20,0x20,0x20,0x20,0x20,0x20,0x20,0x69,0x64,0x3a,0x20,0x72,
  0x65,0x63,0x6f,0x72,0x64,0x42,0x75,0x74,0x74,0x6f,0x6e,0xd,0xa,0x20,0x20,0x20,
  0x20,0x20,0x20,0x20,0x20,0x20,0x20,0x20,0x20,0x72,0x65,0x63,0x6f,0x72,0x64,0x69,
  0x6e,0x67,0x3a,0x20,0x72,0x65,0x63,0x6f,0x72,0x64,0x65,0x72,0x2e,0x72,0x65,0x63,
  0x6f,0x72,0x64,0x65,0x72,0x53,0x74,0x61,0x74,0x65,0x20,0x3d,0x3d,0x3d,0x20,0x4d,
  0x65,0x64,0x69,0x61,0x52,0x65,0x63,0x6f,0x72,0x64,0x65,0x72,0x2e,0x52,0x65,0x63,
  0x6f,0x72,0x64,0x69,0x6e,0x67,0x53,0x74,0x61,0x74,0x65,0xd,0xa,0x20,0x20,0x20,
  0x20,0x20,0x20,0x20,0x20,0x20,0x20,0x20,0x20,0x6f,0x6e,0x43,0x6c,0x69,0x63,0x6b,
  0x65,0x64,0x3a,0x20,0x72,0x65,0x63,0x6f,0x72,0x64,0x69,0x6e,0x67,0x20,0x3f,0x20,
  0x72,0x65,0x63,0x6f,0x72,0x64,0x65,0x72,0x2e,0x73,0x74,0x6f,0x70,0x28,0x29,0x20,
  0x3a,0x20,0x72,0x65,0x63,0x6f,0x72,0x64,0x65,0x72,0x2e,0x72,0x65,0x63,0x6f,0x72,
  0x64,0x28,0x29,0xd,0xa,0x20,0x20,0x20,0x20,0x20,0x20,0x20,0x20,0x7d,0xd,0xa,
  0x20,0x20,0x20,0x20,0x20,0x20,0x20,0x20,0x54,0x65,0x78,0x74,0x20,0x7b,0xd,0xa,
  0x20,0x20,0x20,0x20,0x20,0x20,0x20,0x20,0x20,0x20,0x20,0x20,0x69,0x64,0x3a,0x20,
  0x72,0x65,0x63,0x6f,0x72,0x64,0x69,0x6e,0x67,0x54,0x69,0x6d,0x65,0xd,0xa,0x20,
  0x20,0x20,0x20,0x20,0x20,0x20,0x20,0x20,0x20,0x20,0x20,0x61,0x6e,0x63,0x68,0x6f,
  0x72,0x73,0x2e,0x68,0x6f,0x72,0x69,0x7a,0x6f,0x6e,0x74,0x61,0x6c,0x43,0x65,0x6e,
  0x74,0x65,0x72,0x3a,0x20,0x70,0x61,0x72,0x65,0x6e,0x74,0x2e,0x68,0x6f,0x72,0x69,
  0x7a,0x6f,0x6e,0x74,0x61,0x6c,0x43,0x65,0x6e,0x74,0x65,0x72,0xd,0xa,0x20,0x20,
  0x20,0x20,0x20,0x20,0x20,0x20,0x20,0x20,0x20,0x20,0x66,0x6f,0x6e,0x74,0x2e,0x70,
  0x6f,0x69,0x6e,0x74,0x53,0x69,0x7a,0x65,0x3a,0x20,0x53,0x74,0x79,0x6c,0x65,0x2e,
  0x66,0x6f,0x6e,0x74,0x53,0x69,0x7a,0x65,0xd,0xa,0x20,0x20,0x20,0x20,0x20,0x20,
  0x20,0x20,0x20,0x20,0x20,0x20,0x63,0x6f,0x6c,0x6f,0x72,0x3a,0x20,0x70,0x61,0x6c,
  0x65,0x74,0x74,0x65,0x2e,0x74,0x65,0x78,0x74,0xd,0xa,0x20,0x20,0x20,0x20,0x20,
  0x20,0x20,0x20,0x7d,0xd,0xa,0x20,0x20,0x20,0x20,0x7d,0xd,0xa,0xd,0xa,0x20,
  0x20,0x20,0x20,0x43,0x6f,0x6c,0x75,0x6d,0x6e,0x20,0x7b,0xd,0xa,0x20,0x20,0x20,
  0x20,0x20,0x20,0x20,0x20,0x69,0x64,0x3a,0x20,0x6f,0x70,0x74,0x69,0x6f,0x6e,0x42,
  0x75,0x74,0x74,0x6f,0x6e,0x73,0xd,0xa,0x20,0x20,0x20,0x20,0x20,0x20,0x20,0x20,
  0x73,0x70,0x61,0x63,0x69,0x6e,0x67,0x3a,0x20,0x53,0x74,0x79,0x6c,0x65,0x2e,0x69,
  0x6e,0x74,0x72,0x61,0x53,0x70,0x61,0x63,0x69,0x6e,0x67,0xd,0xa,0x20,0x20,0x20,
  0x20,0x20,0x20,0x20,0x20,0x42,0x75,0x74,0x74,0x6f,0x6e,0x20,0x7b,0xd,0xa,0x20,
  0x20,0x20,0x20,0x20,0x20,0x20,0x20,0x20,0x20,0x20,0x20,0x6c,0x65,0x66,0x74,0x50,
  0x61,0x64,0x64,0x69,0x6e,0x67,0x3a,0x20,0x30,0xd,0xa,0x20,0x20,0x20,0x20,0x20,
  0x20,0x20,0x20,0x20,0x20,0x20,0x20,0x72,0x69,0x67,0x68,0x74,0x50,0x61,0x64,0x64,
  0x69,0x6e,0x67,0x3a,0x20,0x30,0xd,0xa,0x20,0x20,0x20,0x20,0x20,0x20,0x20,0x20,
  0x20,0x20,0x20,0x20,0x74,0x6f,0x70,0x50,0x61,0x64,0x64,0x69,0x6e,0x67,0x3a,0x20,
  0x30,0xd,0xa,0x20,0x20,0x20,0x20,0x20,0x20,0x20,0x20,0x20,0x20,0x20,0x20,0x62,
  0x6f,0x74,0x74,0x6f,0x6d,0x50,0x61,0x64,0x64,0x69,0x6e,0x67,0x3a,0x20,0x30,0xd,
  0xa,0x20,0x20,0x20,0x20,0x20,0x20,0x20,0x20,0x20,0x20,0x20,0x20,0x68,0x65,0x69,
  0x67,0x68,0x74,0x3a,0x20,0x53,0x74,0x79,0x6c,0x65,0x2e,0x68,0x65,0x69,0x67,0x68,
  0x74,0xd,0xa,0x20,0x20,0x20,0x20,0x20,0x20,0x20,0x20,0x20,0x20,0x20,0x20,0x77,
  0x69,0x64,0x74,0x68,0x3a,0x20,0x53,0x74,0x79,0x6c,0x65,0x2e,0x77,0x69,0x64,0x74,
  0x68,0x4d,0x65,0x64,0x69,0x75,0x6d,0xd,0xa,0x20,0x20,0x20,0x20,0x20,0x20,0x20,
  0x20,0x20,0x20,0x20,0x20,0x62,0x61,0x63,0x6b,0x67,0x72,0x6f,0x75,0x6e,0x64,0x3a,
  0x20,0x53,0x74,0x79,0x6c,0x65,0x52,0x65,0x63,0x74,0x61,0x6e,0x67,0x6c,0x65,0x20,
  0x7b,0x20,0x61,0x6e,0x63,0x68,0x6f,0x72,0x73,0x2e,0x66,0x69,0x6c,0x6c,0x3a,0x20,
  0x70,0x61,0x72,0x65,0x6e,0x74,0x20,0x7d,0xd,0xa,0x20,0x20,0x20,0x20,0x20,0x20,
  0x20,0x20,0x20,0x20,0x20,0x20,0x6f,0x6e,0x43,0x6c,0x69,0x63,0x6b,0x65,0x64,0x3a,
  0x20,0x72,0x6f,0x6f,0x74,0x2e,0x63,0x61,0x70,0x74,0x75,0x72,0x65,0x73,0x56,0x69,
  0x73,0x69,0x62,0x6c,0x65,0x20,0x3d,0x20,0x21,0x72,0x6f,0x6f,0x74,0x2e,0x63,0x61,
  0x70,0x74,0x75,0x72,0x65,0x73,0x56,0x69,0x73,0x69,0x62,0x6c,0x65,0xd,0xa,0x20,
  0x20,0x20,0x20,0x20,0x20,0x20,0x20,0x20,0x20,0x20,0x20,0x74,0x65,0x78,0x74,0x3a,
  0x20,0x22,0xe5,0xbd,0x95,0xe5,0x88,0xb6,0xe5,0x88,0x97,0xe8,0xa1,0xa8,0x22,0xd,
  0xa,0x20,0x20,0x20,0x20,0x20,0x20,0x20,0x20,0x20,0x20,0x20,0x20,0x66,0x6f,0x6e,
  0x74,0x2e,0x70,0x6f,0x69,0x6e,0x74,0x53,0x69,0x7a,0x65,0x3a,0x20,0x53,0x74,0x79,
  0x6c,0x65,0x2e,0x66,0x6f,0x6e,0x74,0x53,0x69,0x7a,0x65,0xd,0xa,0x20,0x20,0x20,
  0x20,0x20,0x20,0x20,0x20,0x7d,0xd,0xa,0x20,0x20,0x20,0x20,0x20,0x20,0x20,0x20,
  0x42,0x75,0x74,0x74,0x6f,0x6e,0x20,0x7b,0xd,0xa,0x20,0x20,0x20,0x20,0x20,0x20,
  0x20,0x20,0x20,0x20,0x20,0x20,0x6c,0x65,0x66,0x74,0x50,0x61,0x64,0x64,0x69,0x6e,
  0x67,0x3a,0x20,0x30,0xd,0xa,0x20,0x20,0x20,0x20,0x20,0x20,0x20,0x20,0x20,0x20,
  0x20,0x20,0x72,0x69,0x67,0x68,0x74,0x50,0x61,0x64,0x64,0x69,0x6e,0x67,0x3a,0x20,
  0x30,0xd,0xa,0x20,0x20,0x20,0x20,0x20,0x20,0x20,0x20,0x20,0x20,0x20,0x20,0x74,
  0x6f,0x70,0x50,0x61,0x64,0x64,0x69,0x6e,0x67,0x3a,0x20,0x30,0xd,0xa,0x20,0x20,
  0x20,0x20,0x20,0x20,0x20,0x20,0x20,0x20,0x20,0x20,0x62,0x6f,0x74,0x74,0x6f,0x6d,
  0x50,0x61,0x64,0x64,0x69,0x6e,0x67,0x3a,0x20,0x30,0xd,0xa,0x20,0x20,0x20,0x20,
  0x20,0x20,0x20,0x20,0x20,0x20,0x20,0x20,0x68,0x65,0x69,0x67,0x68,0x74,0x3a,0x20,
  0x53,0x74,0x79,0x6c,0x65,0x2e,0x68,0x65,0x69,0x67,0x68,0x74,0xd,0xa,0x20,0x20,
  0x20,0x20,0x20,0x20,0x20,0x20,0x20,0x20,0x20,0x20,0x77,0x69,0x64,0x74,0x68,0x3a,
  0x20,0x53,0x74,0x79,0x6c,0x65,0x2e,0x77,0x69,0x64,0x74,0x68,0x4d,0x65,0x64,0x69,
  0x75,0x6d,0xd,0xa,0x20,0x20,0x20,0x20,0x20,0x20,0x20,0x20,0x20,0x20,0x20,0x20,
  0x62,0x61,0x63,0x6b,0x67,0x72,0x6f,0x75,0x6e,0x64,0x3a,0x20,0x53,0x74,0x79,0x6c,
  0x65,0x52,0x65,0x63,0x74,0x61,0x6e,0x67,0x6c,0x65,0x20,0x7b,0x20,0x61,0x6e,0x63,
  0x68,0x6f,0x72,0x73,0x2e,0x66,0x69,0x6c,0x6c,0x3a,0x20,0x70,0x61,0x72,0x65,0x6e,
  0x74,0x20,0x7d,0xd,0xa,0x20,0x20,0x20,0x20,0x20,0x20,0x20,0x20,0x20,0x20,0x20,
  0x20,0x6f,0x6e,0x43,0x6c,0x69,0x63,0x6b,0x65,0x64,0x3a,0x20,0x73,0x65,0x74,0x74,
  0x69,0x6e,0x67,0x73,0x56,0x69,0x73,0x69,0x62,0x6c,0x65,0x20,0x3d,0x20,0x21,0x73,
  0x65,0x74,0x74,0x69,0x6e,0x67,0x73,0x56,0x69,0x73,0x69,0x62,0x6c,0x65,0xd,0xa,
  0x20,0x20,0x20,0x20,0x20,0x20,0x20,0x20,0x20,0x20,0x20,0x20,0x74,0x65,0x78,0x74,
  0x3a,0x20,0x22,0xe8,0xae,0xbe,0xe7,0xbd,0xae,0x22,0xd,0xa,0x20,0x20,0x20,0x20,
  0x20,0x20,0x20,0x20,0x20,0x20,0x20,0x20,0x66,0x6f,0x6e,0x74,0x2e,0x70,0x6f,0x69,
  0x6e,0x74,0x53,0x69,0x7a,0x65,0x3a,0x20,0x53,0x74,0x79,0x6c,0x65,0x2e,0x66,0x6f,
  0x6e,0x74,0x53,0x69,0x7a,0x65,0xd,0xa,0x20,0x20,0x20,0x20,0x20,0x20,0x20,0x20,
  0x7d,0xd,0xa,0x20,0x20,0x20,0x20,0x7d,0xd,0xa,0xd,0xa,0x20,0x20,0x20,0x20,
  0x54,0x69,0x6d,0x65,0x72,0x20,0x7b,0xd,0xa,0x20,0x20,0x20,0x20,0x20,0x20,0x20,
  0x20,0x72,0x75,0x6e,0x6e,0x69,0x6e,0x67,0x3a,0x20,0x74,0x72,0x75,0x65,0x3b,0x20,
  0x69,0x6e,0x74,0x65,0x72,0x76,0x61,0x6c,0x3a,0x20,0x31,0x30,0x30,0x3b,0x20,0x72,
  0x65,0x70,0x65,0x61,0x74,0x3a,0x20,0x74,0x72,0x75,0x65,0xd,0xa,0x20,0x20,0x20,
  0x20,0x20,0x20,0x20,0x20,0x6f,0x6e,0x54,0x72,0x69,0x67,0x67,0x65,0x72,0x65,0x64,
  0x3a,0x20,0x7b,0xd,0xa,0x20,0x20,0x20,0x20,0x20,0x20,0x20,0x20,0x20,0x20,0x20,
  0x20,0x76,0x61,0x72,0x20,0x6d,0x20,0x3d,0x20,0x4d,0x61,0x74,0x68,0x2e,0x66,0x6c,
  0x6f,0x6f,0x72,0x28,0x72,0x65,0x63,0x6f,0x72,0x64,0x65,0x72,0x2e,0x64,0x75,0x72,
  0x61,0x74,0x69,0x6f,0x6e,0x20,0x2f,0x20,0x36,0x30,0x30,0x30,0x30,0x29,0xd,0xa,
  0x20,0x20,0x20,0x20,0x20,0x20,0x20,0x20,0x20,0x20,0x20,0x20,0x76,0x61,0x72,0x20,
  0x6d,0x73,0x20,0x3d,0x20,0x28,0x72,0x65,0x63,0x6f,0x72,0x64,0x65,0x72,0x2e,0x64,
  0x75,0x72,0x61,0x74,0x69,0x6f,0x6e,0x20,0x2f,0x20,0x31,0x30,0x30,0x30,0x20,0x2d,
  0x20,0x6d,0x20,0x2a,0x20,0x36,0x30,0x29,0x2e,0x74,0x6f,0x46,0x69,0x78,0x65,0x64,
  0x28,0x31,0x29,0xd,0xa,0x20,0x20,0x20,0x20,0x20,0x20,0x20,0x20,0x20,0x20,0x20,
  0x20,0x72,0x65,0x63,0x6f,0x72,0x64,0x69,0x6e,0x67,0x54,0x69,0x6d,0x65,0x2e,0x74,
  0x65,0x78,0x74,0x20,0x3d,0x20,0x60,0x24,0x7b,0x6d,0x7d,0x3a,0x24,0x7b,0x6d,0x73,
  0x2e,0x70,0x61,0x64,0x53,0x74,0x61,0x72,0x74,0x28,0x34,0x2c,0x20,0x30,0x29,0x7d,
  0x60,0xd,0xa,0x20,0x20,0x20,0x20,0x20,0x20,0x20,0x20,0x7d,0xd,0xa,0x20,0x20,
  0x20,0x20,0x7d,0xd,0xa,0x7d,0xd,0xa,
    // StyleSlider.qml
  0x0,0x0,0x3,0x7a,
  0x2f,
  0x2f,0x20,0x43,0x6f,0x70,0x79,0x72,0x69,0x67,0x68,0x74,0x20,0x28,0x43,0x29,0x20,
  0x32,0x30,0x32,0x31,0x20,0x54,0x68,0x65,0x20,0x51,0x74,0x20,0x43,0x6f,0x6d,0x70,
  0x61,0x6e,0x79,0x20,0x4c,0x74,0x64,0x2e,0xd,0xa,0x2f,0x2f,0x20,0x53,0x50,0x44,
  0x58,0x2d,0x4c,0x69,0x63,0x65,0x6e,0x73,0x65,0x2d,0x49,0x64,0x65,0x6e,0x74,0x69,
  0x66,0x69,0x65,0x72,0x3a,0x20,0x4c,0x69,0x63,0x65,0x6e,0x73,0x65,0x52,0x65,0x66,
  0x2d,0x51,0x74,0x2d,0x43,0x6f,0x6d,0x6d,0x65,0x72,0x63,0x69,0x61,0x6c,0x20,0x4f,
  0x52,0x20,0x42,0x53,0x44,0x2d,0x33,0x2d,0x43,0x6c,0x61,0x75,0x73,0x65,0xd,0xa,
  0xd,0xa,0x69,0x6d,0x70,0x6f,0x72,0x74,0x20,0x51,0x74,0x51,0x75,0x69,0x63,0x6b,
  0xd,0xa,0x69,0x6d,0x70,0x6f,0x72,0x74,0x20,0x51,0x74,0x51,0x75,0x69,0x63,0x6b,
  0x2e,0x43,0x6f,0x6e,0x74,0x72,0x6f,0x6c,0x73,0xd,0xa,0xd,0xa,0x52,0x6f,0x77,
  0x20,0x7b,0xd,0xa,0x20,0x20,0x20,0x20,0x69,0x64,0x3a,0x20,0x72,0x6f,0x6f,0x74,
  0xd,0xa,0x20,0x20,0x20,0x20,0x73,0x70,0x61,0x63,0x69,0x6e,0x67,0x3a,0x20,0x53,
  0x74,0x79,0x6c,0x65,0x2e,0x69,0x6e,0x74,0x72,0x61,0x53,0x70,0x61,0x63,0x69,0x6e,
  0x67,0xd,0xa,0xd,0xa,0x20,0x20,0x20,0x20,0x70,0x72,0x6f,0x70,0x65,0x72,0x74,
  0x79,0x20,0x61,0x6c,0x69,0x61,0x73,0x20,0x6c,0x61,0x62,0x65,0x6c,0x3a,0x20,0x6c,
  0x61,0x62,0x65,0x6c,0x2e,0x74,0x65,0x78,0x74,0xd,0xa,0x20,0x20,0x20,0x20,0x70,
  0x72,0x6f,0x70,0x65,0x72,0x74,0x79,0x20,0x61,0x6c,0x69,0x61,0x73,0x20,0x66,0x72,
  0x6f,0x6d,0x3a,0x20,0x73,0x6c,0x69,0x64,0x65,0x72,0x2e,0x66,0x72,0x6f,0x6d,0xd,
  0xa,0x20,0x20,0x20,0x20,0x70,0x72,0x6f,0x70,0x65,0x72,0x74,0x79,0x20,0x61,0x6c,
  0x69,0x61,0x73,0x20,0x74,0x6f,0x3a,0x20,0x73,0x6c,0x69,0x64,0x65,0x72,0x2e,0x74,
  0x6f,0xd,0xa,0x20,0x20,0x20,0x20,0x70,0x72,0x6f,0x70,0x65,0x72,0x74,0x79,0x20,
  0x61,0x6c,0x69,0x61,0x73,0x20,0x76,0x61,0x6c,0x75,0x65,0x3a,0x20,0x73,0x6c,0x69,
  0x64,0x65,0x72,0x2e,0x76,0x61,0x6c,0x75,0x65,0xd,0xa,0x20,0x20,0x20,0x20,0x70,
  0x72,0x6f,0x70,0x65,0x72,0x74,0x79,0x20,0x62,0x6f,0x6f,0x6c,0x20,0x65,0x6e,0x61,
  0x62,0x6c,0x65,0x64,0x3a,0x20,0x74,0x72,0x75,0x65,0xd,0xa,0xd,0xa,0x20,0x20,
  0x20,0x20,0x73,0x69,0x67,0x6e,0x61,0x6c,0x20,0x6d,0x6f,0x76,0x65,0x64,0x28,0x72,
  0x65,0x61,0x6c,0x20,0x63,0x75,0x72,0x72,0x65,0x6e,0x74,0x56,0x61,0x6c,0x75,0x65,
  0x29,0xd,0xa,0xd,0xa,0x20,0x20,0x20,0x20,0x54,0x65,0x78,0x74,0x20,0x7b,0xd,
  0xa,0x20,0x20,0x20,0x20,0x20,0x20,0x20,0x20,0x69,0x64,0x3a,0x20,0x6c,0x61,0x62,
  0x65,0x6c,0xd,0xa,0x20,0x20,0x20,0x20,0x20,0x20,0x20,0x20,0x77,0x69,0x64,0x74,
  0x68,0x3a,0x20,0x53,0x74,0x79,0x6c,0x65,0x2e,0x76,0x61,0x6c,0x75,0x65,0x57,0x69,
  0x64,0x74,0x68,0xd,0xa,0x20,0x20,0x20,0x20,0x20,0x20,0x20,0x20,0x68,0x65,0x69,
  0x67,0x68,0x74,0x3a,0x20,0x53,0x74,0x79,0x6c,0x65,0x2e,0x68,0x65,0x69,0x67,0x68,
  0x74,0xd,0xa,0x20,0x20,0x20,0x20,0x20,0x20,0x20,0x20,0x68,0x6f,0x72,0x69,0x7a,
  0x6f,0x6e,0x74,0x61,0x6c,0x41,0x6c,0x69,0x67,0x6e,0x6d,0x65,0x6e,0x74,0x3a,0x20,
  0x54,0x65,0x78,0x74,0x2e,0x41,0x6c,0x69,0x67,0x6e,0x52,0x69,0x67,0x68,0x74,0xd,
  0xa,0x20,0x20,0x20,0x20,0x20,0x20,0x20,0x20,0x76,0x65,0x72,0x74,0x69,0x63,0x61,
  0x6c,0x41,0x6c,0x69,0x67,0x6e,0x6d,0x65,0x6e,0x74,0x3a,0x20,0x54,0x65,0x78,0x74,
  0x2e,0x41,0x6c,0x69,0x67,0x6e,0x56,0x43,0x65,0x6e,0x74,0x65,0x72,0xd,0xa,0x20,
  0x20,0x20,0x20,0x20,0x20,0x20,0x20,0x63,0x6f,0x6c,0x6f,0x72,0x3a,0x20,0x72,0x6f,
  0x6f,0x74,0x2e,0x65,0x6e,0x61,0x62,0x6c,0x65,0x64,0x20,0x3f,0x20,0x70,0x61,0x6c,
  0x65,0x74,0x74,0x65,0x2e,0x74,0x65,0x78,0x74,0x20,0x3a,0x20,0x70,0x61,0x6c,0x65,
  0x74,0x74,0x65,0x2e,0x6d,0x69,0x64,0xd,0xa,0x20,0x20,0x20,0x20,0x7d,0xd,0xa,
  0xd,0xa,0x20,0x20,0x20,0x20,0x53,0x6c,0x69,0x64,0x65,0x72,0x20,0x7b,0xd,0xa,
  0x20,0x20,0x20,0x20,0x20,0x20,0x20,0x20,0x69,0x64,0x3a,0x20,0x73,0x6c,0x69,0x64,
  0x65,0x72,0xd,0xa,0x20,0x20,0x20,0x20,0x20,0x20,0x20,0x20,0x61,0x6e,0x63,0x68,
  0x6f,0x72,0x73,0x2e,0x76,0x65,0x72,0x74,0x69,0x63,0x61,0x6c,0x43,0x65,0x6e,0x74,
  0x65,0x72,0x3a,0x20,0x6c,0x61,0x62,0x65,0x6c,0x2e,0x76,0x65,0x72,0x74,0x69,0x63,
  0x61,0x6c,0x43,0x65,0x6e,0x74,0x65,0x72,0xd,0xa,0x20,0x20,0x20,0x20,0x20,0x20,
  0x20,0x20,0x77,0x69,0x64,0x74,0x68,0x3a,0x20,0x53,0x74,0x79,0x6c,0x65,0x2e,0x77,
  0x69,0x64,0x74,0x68,0x4d,0x65,0x64,0x69,0x75,0x6d,0xd,0xa,0x20,0x20,0x20,0x20,
  0x20,0x20,0x20,0x20,0x65,0x6e,0x61,0x62,0x6c,0x65,0x64,0x3a,0x20,0x72,0x6f,0x6f,
  0x74,0x2e,0x65,0x6e,0x61,0x62,0x6c,0x65,0x64,0xd,0xa,0x20,0x20,0x20,0x20,0x20,
  0x20,0x20,0x20,0x6f,0x6e,0x4d,0x6f,0x76,0x65,0x64,0x3a,0x20,0x72,0x6f,0x6f,0x74,
  0x2e,0x6d,0x6f,0x76,0x65,0x64,0x28,0x76,0x61,0x6c,0x75,0x65,0x29,0xd,0xa,0x20,
  0x20,0x20,0x20,0x7d,0xd,0xa,0x7d,0xd,0xa,
    // main_no_permissions.qml
  0x0,0x0,0x2,0xe7,
  0x2f,
  0x2f,0x20,0x43,0x6f,0x70,0x79,0x72,0x69,0x67,0x68,0x74,0x20,0x28,0x43,0x29,0x20,
  0x32,0x30,0x32,0x33,0x20,0x54,0x68,0x65,0x20,0x51,0x74,0x20,0x43,0x6f,0x6d,0x70,
  0x61,0x6e,0x79,0x20,0x4c,0x74,0x64,0x2e,0xd,0xa,0x2f,0x2f,0x20,0x53,0x50,0x44,
  0x58,0x2d,0x4c,0x69,0x63,0x65,0x6e,0x73,0x65,0x2d,0x49,0x64,0x65,0x6e,0x74,0x69,
  0x66,0x69,0x65,0x72,0x3a,0x20,0x4c,0x69,0x63,0x65,0x6e,0x73,0x65,0x52,0x65,0x66,
  0x2d,0x51,0x74,0x2d,0x43,0x6f,0x6d,0x6d,0x65,0x72,0x63,0x69,0x61,0x6c,0x20,0x4f,
  0x52,0x20,0x42,0x53,0x44,0x2d,0x33,0x2d,0x43,0x6c,0x61,0x75,0x73,0x65,0xd,0xa,
  0xd,0xa,0x69,0x6d,0x70,0x6f,0x72,0x74,0x20,0x51,0x74,0x51,0x75,0x69,0x63,0x6b,
  0xd,0xa,0x69,0x6d,0x70,0x6f,0x72,0x74,0x20,0x51,0x74,0x51,0x75,0x69,0x63,0x6b,
  0x2e,0x57,0x69,0x6e,0x64,0x6f,0x77,0xd,0xa,0xd,0xa,0x57,0x69,0x6e,0x64,0x6f,
  0x77,0x20,0x7b,0xd,0xa,0x20,0x20,0x20,0x20,0x69,0x64,0x3a,0x20,0x72,0x6f,0x6f,
  0x74,0xd,0xa,0x20,0x20,0x20,0x20,0x76,0x69,0x73,0x69,0x62,0x6c,0x65,0x3a,0x20,
  0x74,0x72,0x75,0x65,0xd,0xa,0x20,0x20,0x20,0x20,0x74,0x69,0x74,0x6c,0x65,0x3a,
  0x20,0x22,0xe5,0xaa,0x92,0xe4,0xbd,0x93,0xe5,0xbd,0x95,0xe5,0x88,0xb6,0xe5,0x99,
  0xa8,0x22,0xd,0xa,0x20,0x20,0x20,0x20,0x77,0x69,0x64,0x74,0x68,0x3a,0x20,0x53,
  0x74,0x79,0x6c,0x65,0x2e,0x73,0x63,0x72,0x65,0x65,0x6e,0x57,0x69,0x64,0x74,0x68,
  0xd,0xa,0x20,0x20,0x20,0x20,0x68,0x65,0x69,0x67,0x68,0x74,0x3a,0x20,0x53,0x74,
  0x79,0x6c,0x65,0x2e,0x73,0x63,0x72,0x65,0x65,0x6e,0x48,0x65,0x69,0x67,0x74,0x68,
  0xd,0xa,0xd,0xa,0x20,0x20,0x20,0x20,0x53,0x74,0x79,0x6c,0x65,0x52,0x65,0x63,
  0x74,0x61,0x6e,0x67,0x6c,0x65,0x20,0x7b,0xd,0xa,0x20,0x20,0x20,0x20,0x20,0x20,
  0x20,0x20,0x61,0x6e,0x63,0x68,0x6f,0x72,0x73,0x2e,0x66,0x69,0x6c,0x6c,0x3a,0x20,
  0x70,0x61,0x72,0x65,0x6e,0x74,0xd,0xa,0x20,0x20,0x20,0x20,0x20,0x20,0x20,0x20,
  0x54,0x65,0x78,0x74,0x20,0x7b,0xd,0xa,0x20,0x20,0x20,0x20,0x20,0x20,0x20,0x20,
  0x20,0x20,0x20,0x20,0x61,0x6e,0x63,0x68,0x6f,0x72,0x73,0x2e,0x66,0x69,0x6c,0x6c,
  0x3a,0x20,0x70,0x61,0x72,0x65,0x6e,0x74,0xd,0xa,0x20,0x20,0x20,0x20,0x20,0x20,
  0x20,0x20,0x20,0x20,0x20,0x20,0x61,0x6e,0x63,0x68,0x6f,0x72,0x73,0x2e,0x6d,0x61,
  0x72,0x67,0x69,0x6e,0x73,0x3a,0x20,0x32,0x30,0xd,0xa,0x20,0x20,0x20,0x20,0x20,
  0x20,0x20,0x20,0x20,0x20,0x20,0x20,0x77,0x72,0x61,0x70,0x4d,0x6f,0x64,0x65,0x3a,
  0x20,0x54,0x65,0x78,0x74,0x2e,0x57,0x6f,0x72,0x64,0x57,0x72,0x61,0x70,0xd,0xa,
  0x20,0x20,0x20,0x20,0x20,0x20,0x20,0x20,0x20,0x20,0x20,0x20,0x76,0x65,0x72,0x74,
  0x69,0x63,0x61,0x6c,0x41,0x6c,0x69,0x67,0x6e,0x6d,0x65,0x6e,0x74,0x3a,0x20,0x54,
  0x65,0x78,0x74,0x2e,0x41,0x6c,0x69,0x67,0x6e,0x56,0x43,0x65,0x6e,0x74,0x65,0x72,
  0xd,0xa,0x20,0x20,0x20,0x20,0x20,0x20,0x20,0x20,0x20,0x20,0x20,0x20,0x68,0x6f,
  0x72,0x69,0x7a,0x6f,0x6e,0x74,0x61,0x6c,0x41,0x6c,0x69,0x67,0x6e,0x6d,0x65,0x6e,
  0x74,0x3a,0x20,0x54,0x65,0x78,0x74,0x2e,0x41,0x6c,0x69,0x67,0x6e,0x48,0x43,0x65,
  0x6e,0x74,0x65,0x72,0xd,0xa,0x20,0x20,0x20,0x20,0x20,0x20,0x20,0x20,0x20,0x20,
  0x20,0x20,0x74,0x65,0x78,0x74,0x3a,0x20,0x71,0x73,0x54,0x72,0x28,0x22,0xe6,0xad,
  0xa4,0xe7,0xa4,0xba,0xe4,0xbe,0x8b,0xe9,0x9c,0x80,0xe8,0xa6,0x81,0xe6,0x9d,0x83,
  0xe9,0x99,0x90,0xe6,0x89,0x8d,0xe8,0x83,0xbd,0xe4,0xbd,0xbf,0xe7,0x94,0xa8,0xe3,
  0x80,0x82,0x5c,0x6e,0x22,0xd,0xa,0x20,0x20,0x20,0x20,0x20,0x20,0x20,0x20,0x20,
  0x20,0x20,0x20,0x20,0x20,0x20,0x20,0x20,0x20,0x20,0x20,0x20,0x20,0x20,0x2b,0x20,
  0x22,0xe8,0xaf,0xb7,0xe6,0x8e,0x88,0xe4,0xba,0x88,0xe6,0x89,0x80,0xe6,0x9c,0x89,
  0xe8,0xaf,0xb7,0xe6,0xb1,0x82,0xe7,0x9a,0x84,0xe6,0x9d,0x83,0xe9,0x99,0x90,0xe5,
  0xb9,0xb6,0xe9,0x87,0x8d,0xe6,0x96,0xb0,0xe5,0x90,0xaf,0xe5,0x8a,0xa8,0xe5,0xba,
  0x94,0xe7,0x94,0xa8,0xe7,0xa8,0x8b,0xe5,0xba,0x8f,0xe3,0x80,0x82,0x22,0x29,0xd,
  0xa,0x20,0x20,0x20,0x20,0x20,0x20,0x20,0x20,0x7d,0xd,0xa,0x20,0x20,0x20,0x20,
  0x7d,0xd,0xa,0x7d,0xd,0xa,
    // StyleParameter.qml
  0x0,0x0,0x4,0x87,
  0x2f,
  0x2f,0x20,0x43,0x6f,0x70,0x79,0x72,0x69,0x67,0x68,0x74,0x20,0x28,0x43,0x29,0x20,
  0x32,0x30,0x32,0x31,0x20,0x54,0x68,0x65,0x20,0x51,0x74,0x20,0x43,0x6f,0x6d,0x70,
  0x61,0x6e,0x79,0x20,0x4c,0x74,0x64,0x2e,0xd,0xa,0x2f,0x2f,0x20,0x53,0x50,0x44,
  0x58,0x2d,0x4c,0x69,0x63,0x65,0x6e,0x73,0x65,0x2d,0x49,0x64,0x65,0x6e,0x74,0x69,
  0x66,0x69,0x65,0x72,0x3a,0x20,0x4c,0x69,0x63,0x65,0x6e,0x73,0x65,0x52,0x65,0x66,
  0x2d,0x51,0x74,0x2d,0x43,0x6f,0x6d,0x6d,0x65,0x72,0x63,0x69,0x61,0x6c,0x20,0x4f,
  0x52,0x20,0x42,0x53,0x44,0x2d,0x33,0x2d,0x43,0x6c,0x61,0x75,0x73,0x65,0xd,0xa,
  0xd,0xa,0x69,0x6d,0x70,0x6f,0x72,0x74,0x20,0x51,0x74,0x51,0x75,0x69,0x63,0x6b,
  0xd,0xa,0x69,0x6d,0x70,0x6f,0x72,0x74,0x20,0x51,0x74,0x51,0x75,0x69,0x63,0x6b,
  0x2e,0x43,0x6f,0x6e,0x74,0x72,0x6f,0x6c,0x73,0xd,0xa,0xd,0xa,0x52,0x6f,0x77,
  0x20,0x7b,0xd,0xa,0x20,0x20,0x20,0x20,0x69,0x64,0x3a,0x20,0x72,0x6f,0x6f,0x74,
  0xd,0xa,0x20,0x20,0x20,0x20,0x73,0x70,0x61,0x63,0x69,0x6e,0x67,0x3a,0x20,0x53,
  0x74,0x79,0x6c,0x65,0x2e,0x69,0x6e,0x74,0x72,0x61,0x53,0x70,0x61,0x63,0x69,0x6e,
  0x67,0xd,0xa,0xd,0xa,0x20,0x20,0x20,0x20,0x70,0x72,0x6f,0x70,0x65,0x72,0x74,
  0x79,0x20,0x61,0x6c,0x69,0x61,0x73,0x20,0x6c,0x61,0x62,0x65,0x6c,0x3a,0x20,0x6c,
  0x61,0x62,0x65,0x6c,0x2e,0x74,0x65,0x78,0x74,0xd,0xa,0x20,0x20,0x20,0x20,0x70,
  0x72,0x6f,0x70,0x65,0x72,0x74,0x79,0x20,0x61,0x6c,0x69,0x61,0x73,0x20,0x6d,0x6f,
  0x64,0x65,0x6c,0x3a,0x20,0x63,0x6f,0x6d,0x62,0x6f,0x42,0x6f,0x78,0x2e,0x6d,0x6f,
  0x64,0x65,0x6c,0xd,0xa,0x20,0x20,0x20,0x20,0x70,0x72,0x6f,0x70,0x65,0x72,0x74,
  0x79,0x20,0x61,0x6c,0x69,0x61,0x73,0x20,0x63,0x75,0x72,0x72,0x65,0x6e,0x74,0x49,
  0x6e,0x64,0x65,0x78,0x3a,0x20,0x63,0x6f,0x6d,0x62,0x6f,0x42,0x6f,0x78,0x2e,0x63,
  0x75,0x72,0x72,0x65,0x6e,0x74,0x49,0x6e,0x64,0x65,0x78,0xd,0xa,0x20,0x20,0x20,
  0x20,0x70,0x72,0x6f,0x70,0x65,0x72,0x74,0x79,0x20,0x61,0x6c,0x69,0x61,0x73,0x20,
  0x63,0x75,0x72,0x72,0x65,0x6e,0x74,0x56,0x61,0x6c,0x75,0x65,0x3a,0x20,0x63,0x6f,
  0x6d,0x62,0x6f,0x42,0x6f,0x78,0x2e,0x63,0x75,0x72,0x72,0x65,0x6e,0x74,0x56,0x61,
  0x6c,0x75,0x65,0xd,0xa,0x20,0x20,0x20,0x20,0x70,0x72,0x6f,0x70,0x65,0x72,0x74,
  0x79,0x20,0x62,0x6f,0x6f,0x6c,0x20,0x65,0x6e,0x61,0x62,0x6c,0x65,0x64,0x3a,0x20,
  0x74,0x72,0x75,0x65,0xd,0xa,0x20,0x20,0x20,0x20,0x73,0x69,0x67,0x6e,0x61,0x6c,
  0x20,0x61,0x63,0x74,0x69,0x76,0x61,0x74,0x65,0x64,0x28,0x76,0x61,0x72,0x20,0x63,
  0x75,0x72,0x72,0x65,0x6e,0x74,0x56,0x61,0x6c,0x75,0x65,0x29,0xd,0xa,0xd,0xa,
  0x20,0x20,0x20,0x20,0x54,0x65,0x78,0x74,0x20,0x7b,0xd,0xa,0x20,0x20,0x20,0x20,
  0x20,0x20,0x20,0x20,0x69,0x64,0x3a,0x20,0x6c,0x61,0x62,0x65,0x6c,0xd,0xa,0x20,
  0x20,0x20,0x20,0x20,0x20,0x20,0x20,0x68,0x65,0x69,0x67,0x68,0x74,0x3a,0x20,0x53,
  0x74,0x79,0x6c,0x65,0x2e,0x68,0x65,0x69,0x67,0x68,0x74,0xd,0xa,0x20,0x20,0x20,
  0x20,0x20,0x20,0x20,0x20,0x77,0x69,0x64,0x74,0x68,0x3a,0x20,0x53,0x74,0x79,0x6c,
  0x65,0x2e,0x77,0x69,0x64,0x74,0x68,0x53,0x68,0x6f,0x72,0x74,0xd,0xa,0x20,0x20,
  0x20,0x20,0x20,0x20,0x20,0x20,0x68,0x6f,0x72,0x69,0x7a,0x6f,0x6e,0x74,0x61,0x6c,
  0x41,0x6c,0x69,0x67,0x6e,0x6d,0x65,0x6e,0x74,0x3a,0x20,0x54,0x65,0x78,0x74,0x2e,
  0x41,0x6c,0x69,0x67,0x6e,0x52,0x69,0x67,0x68,0x74,0xd,0xa,0x20,0x20,0x20,0x20,
  0x20,0x20,0x20,0x20,0x76,0x65,0x72,0x74,0x69,0x63,0x61,0x6c,0x41,0x6c,0x69,0x67,
  0x6e,0x6d,0x65,0x6e,0x74,0x3a,0x20,0x54,0x65,0x78,0x74,0x2e,0x41,0x6c,0x69,0x67,
  0x6e,0x56,0x43,0x65,0x6e,0x74,0x65,0x72,0xd,0xa,0x20,0x20,0x20,0x20,0x20,0x20,
  0x20,0x20,0x63,0x6f,0x6c,0x6f,0x72,0x3a,0x20,0x72,0x6f,0x6f,0x74,0x2e,0x65,0x6e,
  0x61,0x62,0x6c,0x65,0x64,0x20,0x3f,0x20,0x70,0x61,0x6c,0x65,0x74,0x74,0x65,0x2e,
  0x74,0x65,0x78,0x74,0x20,0x3a,0x20,0x70,0x61,0x6c,0x65,0x74,0x74,0x65,0x2e,0x6d,
  0x69,0x64,0xd,0xa,0x20,0x20,0x20,0x20,0x20,0x20,0x20,0x20,0x66,0x6f,0x6e,0x74,
  0x2e,0x70,0x6f,0x69,0x6e,0x74,0x53,0x69,0x7a,0x65,0x3a,0x20,0x53,0x74,0x79,0x6c,
  0x65,0x2e,0x66,0x6f,0x6e,0x74,0x53,0x69,0x7a,0x65,0xd,0xa,0x20,0x20,0x20,0x20,
  0x7d,0xd,0xa,0xd,0xa,0x20,0x20,0x20,0x20,0x43,0x6f,0x6d,0x62,0x6f,0x42,0x6f,
  0x78,0x20,0x7b,0xd,0xa,0x20,0x20,0x20,0x20,0x20,0x20,0x20,0x20,0x69,0x64,0x3a,
  0x20,0x63,0x6f,0x6d,0x62,0x6f,0x42,0x6f,0x78,0xd,0xa,0x20,0x20,0x20,0x20,0x20,
  0x20,0x20,0x20,0x68,0x65,0x69,0x67,0x68,0x74,0x3a,0x20,0x53,0x74,0x79,0x6c,0x65,
  0x2e,0x68,0x65,0x69,0x67,0x68,0x74,0xd,0xa,0x20,0x20,0x20,0x20,0x20,0x20,0x20,
  0x20,0x77,0x69,0x64,0x74,0x68,0x3a,0x20,0x53,0x74,0x79,0x6c,0x65,0x2e,0x77,0x69,
  0x64,0x74,0x68,0x4c,0x6f,0x6e,0x67,0xd,0xa,0x20,0x20,0x20,0x20,0x20,0x20,0x20,
  0x20,0x65,0x6e,0x61,0x62,0x6c,0x65,0x64,0x3a,0x20,0x72,0x6f,0x6f,0x74,0x2e,0x65,
  0x6e,0x61,0x62,0x6c,0x65,0x64,0xd,0xa,0xd,0xa,0x20,0x20,0x20,0x20,0x20,0x20,
  0x20,0x20,0x64,0x69,0x73,0x70,0x6c,0x61,0x79,0x54,0x65,0x78,0x74,0x3a,0x20,0x63,
  0x75,0x72,0x72,0x65,0x6e,0x74,0x54,0x65,0x78,0x74,0xd,0xa,0x20,0x20,0x20,0x20,
  0x20,0x20,0x20,0x20,0x74,0x65,0x78,0x74,0x52,0x6f,0x6c,0x65,0x3a,0x20,0x22,0x74,
  0x65,0x78,0x74,0x22,0xd,0xa,0x20,0x20,0x20,0x20,0x20,0x20,0x20,0x20,0x76,0x61,
  0x6c,0x75,0x65,0x52,0x6f,0x6c,0x65,0x3a,0x20,0x22,0x76,0x61,0x6c,0x75,0x65,0x22,
  0xd,0xa,0x20,0x20,0x20,0x20,0x20,0x20,0x20,0x20,0x66,0x6f,0x6e,0x74,0x2e,0x70,
  0x6f,0x69,0x6e,0x74,0x53,0x69,0x7a,0x65,0x3a,0x20,0x53,0x74,0x79,0x6c,0x65,0x2e,
  0x66,0x6f,0x6e,0x74,0x53,0x69,0x7a,0x65,0xd,0xa,0xd,0xa,0x20,0x20,0x20,0x20,
  0x20,0x20,0x20,0x20,0x62,0x61,0x63,0x6b,0x67,0x72,0x6f,0x75,0x6e,0x64,0x3a,0x20,
  0x53,0x74,0x79,0x6c,0x65,0x52,0x65,0x63,0x74,0x61,0x6e,0x67,0x6c,0x65,0x20,0x7b,
  0x20,0x61,0x6e,0x63,0x68,0x6f,0x72,0x73,0x2e,0x66,0x69,0x6c,0x6c,0x3a,0x20,0x70,
  0x61,0x72,0x65,0x6e,0x74,0x20,0x7d,0xd,0xa,0x20,0x20,0x20,0x20,0x20,0x20,0x20,
  0x20,0x6f,0x6e,0x41,0x63,0x74,0x69,0x76,0x61,0x74,0x65,0x64,0x3a,0x20,0x72,0x6f,
  0x6f,0x74,0x2e,0x61,0x63,0x74,0x69,0x76,0x61,0x74,0x65,0x64,0x28,0x63,0x75,0x72,
  0x72,0x65,0x6e,0x74,0x56,0x61,0x6c,0x75,0x65,0x29,0xd,0xa,0x20,0x20,0x20,0x20,
  0x7d,0xd,0xa,0x7d,0xd,0xa,
    // VideoSourceSelect.qml
  0x0,0x0,0x5,0xf7,
  0x0,
  0x0,0x16,0x4f,0x78,0xda,0xad,0x58,0xcd,0x6e,0xe3,0x36,0x10,0xbe,0x7,0xc8,0x3b,
  0x30,0x3e,0x6c,0x6c,0xc4,0x56,0xb6,0xdb,0x9b,0xda,0x60,0xb1,0xeb,0x14,0x68,0x80,
  0x4,0x6d,0xe2,0x60,0x5b,0x60,0x91,0x83,0x22,0xd1,0x36,0x11,0x5a,0x54,0x25,0xca,
  0x49,0x9a,0xcd,0xa9,0xbd,0x16,0x41,0x81,0x16,0x7d,0x80,0xf6,0x50,0xf4,0x52,0x14,
  0xe8,0xa1,0x7d,0x9f,0xa6,0xfb,0x1a,0x1d,0xfe,0x48,0x22,0x29,0xca,0xf6,0x2e,0x6a,
  0x4,0x90,0x48,0xd,0xbf,0x99,0x21,0x87,0xdf,0xcc,0x64,0x7f,0x1f,0x8d,0x59,0x76,
  0x9b,0x93,0xd9,0x9c,0xa3,0xfe,0x78,0x80,0x9e,0x3d,0x7d,0xf6,0x1,0x3a,0x9f,0x63,
  0x74,0xca,0xe1,0xcb,0x22,0x8b,0xd2,0x5b,0x74,0xcc,0x93,0x60,0x7b,0x6b,0x7f,0x1f,
  0x4d,0x3e,0x3f,0xfc,0x72,0x74,0x4c,0x62,0x9c,0x16,0x78,0x74,0x94,0xe0,0x94,0x93,
  0x29,0xc1,0x79,0x88,0xf4,0xdc,0x19,0x9e,0x8e,0x4e,0xf9,0x8,0xd6,0x2d,0x70,0x1e,
  0x93,0x88,0xa2,0xcf,0xce,0xd0,0xcb,0xc9,0xe1,0xe8,0xc3,0xd1,0x98,0x46,0x65,0x81,
  0xb7,0xb7,0xb6,0xb7,0xc8,0x22,0x63,0x39,0x7,0xfc,0xd3,0x92,0xc4,0x57,0xee,0x38,
  0x18,0xb3,0x94,0xe7,0x8c,0x16,0xc6,0x87,0x93,0x92,0x72,0xb2,0xc0,0x9,0x89,0xc4,
  0xfa,0x33,0x76,0x8d,0xee,0xb6,0xb7,0x10,0xfc,0x48,0x12,0xa2,0x9c,0x31,0xae,0x46,
  0x73,0x2c,0xbc,0x8,0xd1,0x84,0xdf,0x52,0x1c,0xa8,0x91,0xfa,0x92,0xe5,0x2c,0xc3,
  0x39,0xbf,0x45,0xe3,0x8,0xc,0x8b,0x50,0x81,0x29,0x8e,0x39,0x4e,0xd4,0x30,0x44,
  0xb1,0x7c,0xbe,0x58,0x46,0x84,0x46,0x97,0x14,0xa3,0xe7,0x7a,0x6,0x85,0x28,0x2d,
  0x29,0x75,0x40,0x26,0x71,0x8e,0x71,0x3a,0x8e,0x32,0x5e,0xe6,0xb8,0xc6,0xb2,0x66,
  0x43,0x54,0xc8,0xa1,0x9,0x59,0x58,0xcb,0xbc,0xc8,0x5f,0x90,0x34,0x61,0xd7,0x2e,
  0xb2,0x35,0x1b,0xa2,0x6b,0x39,0x34,0x91,0xaf,0xad,0x65,0x15,0xb2,0x83,0x7d,0xc9,
  0x18,0x45,0x5,0x2b,0xf3,0x18,0xd7,0x6b,0x43,0xc4,0x6f,0x33,0xcc,0xa6,0x28,0x66,
  0x8b,0x4b,0xf6,0x92,0xdd,0x4,0x71,0x99,0xe7,0x70,0xac,0xaf,0x22,0x5a,0x62,0xb4,
  0x73,0x70,0x80,0x76,0xcb,0x34,0xc1,0x53,0x92,0xe2,0x64,0x17,0x3d,0x79,0xa2,0x30,
  0xd7,0xfc,0xbc,0x60,0x81,0xd0,0xa4,0x10,0x39,0x9b,0xcd,0x28,0xce,0x37,0xc6,0x5b,
  0x92,0x4,0xb3,0x89,0xb4,0x7c,0x72,0x4d,0x78,0x3c,0xf,0xe2,0x39,0x8e,0xaf,0x70,
  0xe2,0xf7,0xd1,0x39,0xcc,0xd0,0x75,0x1a,0xd4,0xae,0x32,0xf1,0x40,0x98,0xa8,0x30,
  0x76,0xbd,0x5b,0x68,0x1f,0xec,0x7b,0xc1,0x2b,0xc,0x2f,0xbc,0x73,0xba,0xef,0x5,
  0xaf,0x30,0x76,0xab,0xed,0x11,0xd7,0x98,0xa5,0x20,0x17,0xb0,0x54,0xbc,0x53,0xc,
  0x41,0x15,0x56,0x77,0xc8,0xd9,0xe1,0x13,0x96,0x60,0x1a,0x64,0x2c,0x2b,0x69,0xc4,
  0x71,0x7f,0x50,0x81,0x88,0xdf,0x94,0xe5,0xa8,0xbf,0x8c,0x72,0x44,0xd0,0x1,0x7a,
  0xfa,0x11,0x3c,0x3e,0x6e,0x2f,0x8d,0x59,0x99,0x72,0xf8,0xb6,0xb7,0x37,0x30,0x55,
  0x48,0x35,0x62,0x29,0xc7,0xb,0x58,0xdd,0x5a,0x36,0xc3,0xbc,0x4f,0x6,0xb6,0x3c,
  0x99,0xa2,0xbe,0x90,0xf,0x96,0x32,0x1c,0xc1,0xf3,0x66,0xd4,0xde,0xcd,0x96,0x3a,
  0x5f,0x2c,0x1e,0x41,0x34,0xdf,0x80,0x7e,0xd2,0x16,0xbd,0xcc,0x71,0x74,0x65,0x4f,
  0xdf,0x37,0x43,0xfd,0x7a,0x5f,0x6f,0xaa,0x22,0x8,0x43,0xa5,0x20,0x23,0x15,0x37,
  0xcd,0x5c,0x14,0x73,0xb2,0xc4,0x2d,0x82,0x71,0xb0,0x6c,0x42,0x71,0x20,0x2d,0xda,
  0x68,0x23,0x3b,0xe1,0xe8,0x20,0xdb,0x84,0xe2,0x20,0x5b,0xb4,0xd1,0x46,0x76,0x22,
  0xd1,0x41,0x3e,0x11,0x74,0x7c,0x88,0x97,0x40,0xfc,0x5,0xba,0x93,0x78,0xb,0x63,
  0xaa,0x81,0x63,0xe9,0x2b,0x71,0xd6,0x47,0x69,0x56,0xf2,0x62,0x3c,0x8f,0xd2,0x99,
  0xe,0x3e,0x27,0x36,0x36,0xb,0xc1,0xff,0x23,0xc,0xab,0xd0,0xea,0x88,0x41,0x33,
  0xbe,0x2c,0xbe,0xf2,0x2,0xbd,0x63,0x90,0x75,0x4,0x9a,0x13,0x6c,0x6b,0x62,0x4f,
  0xb1,0xa0,0x7b,0x9c,0x2d,0x9a,0x34,0x8e,0x34,0x8d,0xe7,0x2c,0x2f,0x82,0x25,0xf0,
  0xc,0x89,0x23,0x3a,0x6,0x23,0x45,0xda,0xce,0x22,0x61,0xae,0x33,0xdd,0x2c,0xd3,
  0x34,0xb,0x59,0x22,0x2f,0xdd,0xf3,0x3f,0x26,0x5,0x97,0xbb,0xb6,0xc2,0xc,0xf9,
  0xbd,0xf9,0x5a,0x13,0x9d,0x38,0x3b,0x9c,0x8a,0xa0,0x4a,0x94,0x60,0x11,0xba,0x5b,
  0x5b,0x31,0xb0,0xd2,0x3d,0x74,0x3e,0xea,0x1b,0xef,0xff,0xa8,0xd9,0x2f,0x44,0xd3,
  0x88,0x16,0xd8,0xda,0x45,0x83,0xca,0xca,0x14,0xc2,0x9c,0xa5,0x48,0x1d,0xee,0x27,
  0xa6,0x35,0x7d,0x71,0xf4,0xad,0xc3,0xb6,0xd,0x7e,0x2d,0x64,0x2e,0xe0,0x8c,0x77,
  0x7c,0xf3,0xf6,0x4a,0x33,0x92,0x57,0x1b,0x13,0x65,0x19,0x4e,0x93,0x23,0x20,0xb9,
  0x3e,0xc7,0x37,0x7c,0x88,0x64,0x28,0xb6,0x4c,0x51,0x62,0xfd,0x3b,0x24,0x84,0x42,
  0x64,0x88,0x86,0xea,0x71,0xbf,0xa1,0xa6,0x73,0x15,0xd9,0xfd,0x14,0x36,0x7b,0xa8,
  0x33,0xcd,0xb9,0xcf,0x79,0xc3,0xb0,0xbe,0xe3,0x70,0xb3,0xea,0x2,0x4a,0x91,0xde,
  0x8,0x7d,0xa,0x1,0x80,0x7a,0x50,0x86,0xf4,0xf6,0xd0,0x64,0xe,0xc5,0x5a,0x6f,
  0x80,0xf6,0x90,0x54,0xd1,0x99,0xee,0xef,0x64,0x21,0x12,0x36,0x77,0x6d,0x8,0x87,
  0x5c,0x3,0xef,0x86,0x86,0x6d,0x68,0xbd,0x73,0xcd,0x86,0xbb,0x7e,0xc4,0x14,0x47,
  0x79,0x9b,0x51,0xec,0xdd,0xd8,0xfd,0xf7,0xfb,0x6f,0x1f,0xbf,0x79,0x78,0xfc,0xe5,
  0x4f,0x61,0x86,0xe,0x44,0x4f,0x6a,0x72,0x36,0xa2,0x92,0xbc,0x18,0xb4,0xdd,0xac,
  0x29,0x4b,0xd7,0x95,0x50,0x72,0x99,0x6c,0x19,0x2c,0x1b,0x8a,0x1c,0xf8,0x37,0xc9,
  0x38,0x1,0x85,0x11,0x24,0x18,0xae,0x1,0xc9,0x84,0xc7,0xc3,0x66,0x3,0xb5,0x11,
  0x43,0xad,0xa9,0x4a,0x3d,0x72,0xd7,0x56,0x3a,0xfd,0xf8,0xc7,0xc3,0xe3,0xdf,0x3f,
  0xca,0x8d,0xd7,0xf9,0x74,0xbd,0xc7,0x5a,0x72,0xa5,0xc7,0x4a,0x46,0x78,0xfc,0x22,
  0xcb,0x28,0xd0,0x8c,0x30,0x38,0x50,0xb3,0x1b,0x38,0xab,0x4,0x3,0x15,0xa1,0xb5,
  0x97,0x5a,0xf1,0x50,0xa3,0x57,0x69,0x70,0xbd,0x97,0x6f,0x7f,0xfb,0xe9,0xf1,0xe1,
  0x67,0xe1,0xa5,0xa6,0x89,0xd,0xbc,0xd4,0x92,0x2b,0xbd,0x54,0x32,0xc2,0x4b,0x2b,
  0xab,0x6,0xb1,0x7c,0xa,0x3c,0x95,0x8a,0x8b,0xfe,0x60,0xbd,0xcf,0xa,0xa2,0xe3,
  0x80,0xb5,0x35,0x43,0xad,0xa8,0xca,0xd3,0xee,0xb5,0xb0,0x8b,0x15,0x9d,0xa0,0x5a,
  0xe5,0x8a,0x9e,0x6f,0x66,0xaf,0x49,0xc2,0xe7,0x55,0xb,0x25,0x7,0xc7,0x2c,0x9d,
  0x35,0xdf,0xbb,0x7b,0x2c,0x99,0xd9,0xa2,0xf8,0x6a,0x96,0x43,0xe6,0x4d,0xb4,0xc4,
  0x19,0x34,0x30,0x90,0xf1,0xa1,0x6c,0xbd,0xab,0x93,0xd0,0x94,0x50,0x5a,0xa5,0x1e,
  0x33,0xcb,0x2d,0x44,0xb6,0x58,0x95,0x3f,0x12,0x52,0x64,0x34,0xba,0x3d,0x57,0xa4,
  0xa7,0x1b,0x17,0xb3,0x5f,0x39,0x70,0xfa,0x95,0x37,0x6f,0x3a,0x8,0xa7,0xa3,0x6e,
  0xae,0x1b,0x13,0xe0,0xb1,0x7f,0xfe,0xfa,0xee,0xf1,0xe1,0xf7,0xb7,0x3f,0xfc,0x2a,
  0x98,0x4c,0xcb,0xb,0xcd,0x66,0x35,0xc,0xa9,0x33,0x63,0x24,0xe5,0x13,0xf2,0x35,
  0xae,0xb6,0x44,0xcc,0x8a,0x71,0x23,0x27,0xe8,0xf9,0x8c,0x89,0x52,0xbe,0x27,0x5e,
  0x7b,0x46,0xd9,0x2d,0xf4,0xeb,0x4f,0xf2,0xbd,0x67,0x96,0x4d,0x63,0xc3,0x48,0xb3,
  0x6e,0x72,0xc3,0x75,0x83,0x9d,0xf0,0x84,0x5c,0x8e,0x21,0x2e,0xd3,0x36,0xda,0xea,
  0x8e,0xc5,0x3,0x64,0xd5,0xa7,0xfa,0x5e,0x43,0x5e,0xb4,0x70,0xd4,0xac,0x93,0x4f,
  0x21,0x39,0xaf,0xd2,0xe8,0xe7,0x5d,0x79,0x7a,0x8a,0xff,0xd4,0x43,0x31,0xa8,0xab,
  0xd0,0xad,0xc3,0x37,0x51,0xe8,0x27,0x4,0x75,0x29,0xcc,0x2b,0xad,0xef,0x9b,0xa3,
  0x51,0xcd,0xbe,0x9b,0xc6,0xba,0xb0,0x6c,0xab,0x94,0x97,0x21,0xf0,0x15,0x27,0xf6,
  0xc6,0x36,0x29,0xbb,0x23,0x29,0x2,0xc,0x9e,0x41,0x2e,0xc,0x91,0xa0,0x96,0x43,
  0x3d,0x72,0xe3,0xc8,0xee,0x41,0x49,0xa1,0xf9,0x52,0x97,0x13,0x1e,0x93,0xed,0xe5,
  0xaa,0xe,0x91,0x36,0xbf,0xae,0x8b,0xe1,0x2a,0xee,0x9d,0x6a,0x48,0x33,0x4c,0x2d,
  0x26,0xc7,0xb6,0x48,0x45,0x32,0xb5,0x8c,0xcb,0x33,0x52,0x8,0xa6,0xa8,0x98,0xc6,
  0x89,0x29,0xd9,0xcc,0xea,0x2a,0x1c,0xac,0x26,0xf2,0xd,0xda,0xc7,0x9d,0xda,0x33,
  0xb7,0xa3,0x80,0xab,0x4c,0x78,0x4,0xe9,0x29,0x44,0xab,0x64,0xc4,0x95,0xca,0x29,
  0xdc,0xa9,0xd5,0x62,0x97,0x8c,0x9a,0x46,0xd9,0x6d,0x81,0xdf,0xa0,0x6e,0xb2,0x42,
  0x8d,0x2a,0xab,0xf9,0xef,0x76,0xd5,0x39,0xdb,0x8,0x1a,0x7e,0x8e,0x3,0x75,0x48,
  0xd,0xd6,0xf3,0x6,0xaa,0x12,0x1,0xcf,0xae,0x50,0xd8,0x9e,0xe7,0x92,0xf8,0x6c,
  0xd8,0x13,0x56,0x16,0xf8,0x5,0xb4,0x32,0xbe,0xae,0xc8,0xc7,0xf5,0x6d,0x29,0xe0,
  0x38,0xd8,0xf1,0x2b,0xf,0xaf,0x59,0xff,0x1,0xa8,0x2c,0x1e,0x74,0xff,0xb7,0xa8,
  0xd5,0xca,0xf9,0x6e,0xce,0xb2,0xfb,0xca,0xb4,0x6e,0xed,0x5d,0xb7,0xae,0xce,0x6e,
  0xaf,0xbd,0xf5,0xde,0x65,0xa2,0x3a,0xcd,0x82,0x98,0xb2,0xc2,0xea,0x8,0x56,0xb4,
  0x82,0xfe,0xee,0xd0,0x9e,0xc8,0xf1,0x57,0x25,0xc9,0x71,0x62,0x77,0x59,0xd2,0xe5,
  0x75,0x82,0x90,0xc1,0x7c,0xc6,0xfb,0x11,0x17,0x76,0x4e,0xae,0xed,0x80,0x17,0xf8,
  0xfb,0xf,0x27,0x52,0x65,0xb5,
    // SettingsMetaData.qml
  0x0,0x0,0x5,0x1b,
  0x0,
  0x0,0x14,0x74,0x78,0xda,0xb5,0x57,0x5f,0x6f,0x1b,0x45,0x10,0x7f,0x8f,0x94,0xef,
  0xb0,0xf2,0x93,0x2d,0xd5,0x17,0x28,0x3c,0x39,0xe2,0x21,0x71,0x10,0x44,0x24,0xa2,
  0x89,0x43,0xe0,0x75,0x7d,0x37,0xb6,0x57,0xd9,0xbb,0x3d,0xf6,0xf6,0xd2,0xba,0x56,
  0xa4,0xa2,0x52,0xda,0xf2,0x47,0x55,0x29,0x15,0x20,0x52,0x8,0x8,0x5e,0x78,0x70,
  0xb,0x2a,0x50,0x25,0x24,0x7c,0x99,0xd8,0x71,0xbf,0x5,0xbb,0xeb,0xbb,0xf8,0x7c,
  0x7f,0xec,0x73,0x2,0x2b,0x4b,0xbe,0xdd,0x99,0xfd,0xed,0xec,0xec,0xcc,0xfe,0x66,
  0x17,0x16,0x50,0x95,0xb9,0x6d,0x4e,0x9a,0x2d,0x81,0x8a,0xd5,0x12,0xba,0xfa,0xca,
  0xd5,0x57,0xd1,0x56,0xb,0xd0,0x86,0x90,0x12,0xdb,0xc5,0x4e,0x1b,0xad,0x9,0xcb,
  0x98,0x9f,0x5b,0x58,0x40,0xb5,0x6b,0x2b,0x1f,0x94,0xd7,0x88,0x9,0x8e,0x7,0xe5,
  0x55,0xb,0x1c,0x41,0x1a,0x4,0x78,0x5,0x5,0x63,0x9b,0xd0,0x28,0x6f,0x88,0xb2,
  0x9c,0x67,0x3,0x37,0x9,0xa6,0xe8,0xdd,0x4d,0xb4,0x5c,0x5b,0x29,0xbf,0x56,0xae,
  0x52,0xec,0x7b,0x30,0x3f,0x37,0x3f,0x47,0x6c,0x97,0x71,0x21,0xf1,0x37,0x7c,0x62,
  0xee,0xc4,0xfb,0xc6,0x1a,0x6e,0x33,0x5f,0x78,0x89,0xf1,0x2a,0x73,0x4,0x67,0x34,
  0x2a,0x58,0xf7,0xa9,0x20,0x36,0x58,0x4,0x2b,0x5c,0x97,0xe3,0xa6,0x8d,0xb5,0xd1,
  0xcc,0x91,0xa6,0x2d,0x43,0xb,0xef,0x12,0x26,0xad,0x5b,0x66,0xbe,0x63,0x29,0x95,
  0x2a,0xa3,0xbe,0xed,0xc,0x57,0x40,0x9d,0xf9,0x39,0x24,0x1b,0xb1,0x2a,0x88,0x33,
  0x26,0x86,0x3d,0xe,0x1f,0xfa,0x84,0x83,0x85,0x5c,0xce,0x5c,0xe0,0xa2,0x8d,0xd6,
  0x15,0xfe,0x26,0x98,0x8c,0x5b,0xc0,0xa5,0x7c,0xf8,0xa1,0xd0,0x94,0xfe,0x16,0xdc,
  0x38,0x47,0x52,0x4d,0xc8,0x7e,0x5,0x15,0x7a,0x77,0x6e,0xf7,0x1f,0x3f,0xeb,0x7f,
  0xd1,0x1d,0x74,0x4f,0xce,0x8e,0xbb,0x85,0x91,0x82,0xc9,0xa8,0x32,0xc9,0xc5,0x14,
  0x84,0x0,0x43,0xe9,0xf,0x85,0x7b,0x21,0xe4,0x1a,0xf1,0xc4,0x3a,0xb3,0x80,0xa2,
  0x8e,0x36,0xce,0x6,0x81,0x57,0xb0,0xc0,0xc3,0xb1,0x73,0x35,0xe9,0xf,0x7,0x4c,
  0x41,0x98,0xe3,0x8d,0x19,0x80,0x79,0x13,0xc4,0x70,0x4b,0xc6,0xc8,0xda,0x50,0xdc,
  0xf0,0x1d,0x3d,0x7,0x31,0x67,0x3d,0xc0,0xad,0xb6,0xb0,0xd3,0x4,0xab,0x58,0x8a,
  0xc2,0xa8,0x36,0xb6,0xb0,0x61,0x52,0xc0,0xbc,0x58,0x1a,0x57,0x69,0x30,0x8e,0x8a,
  0xbb,0x98,0xa3,0x1d,0x68,0x23,0xd6,0x18,0x5f,0xd5,0x8,0x1,0xc,0x29,0xf5,0x8a,
  0xa5,0xc4,0x2,0xda,0xfd,0xd,0x54,0x4c,0x4e,0xf0,0x4,0x27,0x4e,0x73,0x1b,0x53,
  0x1f,0x8a,0x72,0x72,0xa9,0x94,0x9c,0x98,0xb4,0x10,0xbb,0x2e,0x38,0x56,0x31,0x5d,
  0x35,0xda,0x3a,0xc1,0x31,0x25,0xd7,0xd,0x3f,0xde,0x81,0xf6,0x16,0xab,0x69,0x23,
  0xf4,0xfa,0xd3,0x31,0xaf,0xa0,0x5d,0x65,0x6d,0x45,0x7b,0x62,0x2f,0x36,0x61,0x6f,
  0xd4,0xdd,0x8b,0x9d,0xf6,0x26,0xbb,0x1e,0x75,0x4b,0xf4,0xc0,0x97,0x2c,0x6b,0x24,
  0xf0,0x5c,0x6c,0x4a,0x6b,0x2a,0xa8,0x26,0xda,0x14,0xc,0x22,0x93,0x1,0xd7,0x86,
  0x63,0x23,0x25,0x19,0xfb,0x75,0xb6,0xcc,0x6e,0xc4,0x1d,0x1d,0x45,0xdd,0x6a,0xbb,
  0x30,0x2e,0xbd,0x4e,0x2c,0xd1,0xa,0x81,0x75,0x47,0xc5,0xbc,0x6f,0x8f,0x6b,0xb5,
  0x40,0xdd,0x11,0xa1,0xda,0xb0,0x17,0xf,0x6,0x47,0x18,0x2e,0x93,0xa6,0xd5,0xc8,
  0x4d,0x8,0x35,0xd5,0xa8,0xea,0xc7,0x62,0x4b,0x9d,0x58,0x25,0x1a,0xeb,0x49,0x17,
  0x2b,0xe1,0x9b,0x14,0x6c,0x99,0xcb,0xe7,0x47,0x56,0xe8,0x1f,0xdc,0x7d,0xf9,0xd3,
  0x37,0x85,0xc5,0xd0,0xdd,0x3a,0x3d,0xc3,0x50,0x36,0xb6,0x88,0xa0,0x10,0x75,0xf7,
  0x44,0xac,0xd3,0xe3,0xfd,0xc1,0xad,0x3b,0x59,0x58,0x4b,0xbe,0x68,0xc9,0xf0,0xce,
  0xb,0x36,0x78,0xfa,0xf1,0xa0,0x7b,0x98,0x5,0xa6,0xaf,0x44,0xa9,0x9e,0x17,0xad,
  0xff,0xe0,0xc1,0xe0,0x9f,0x67,0x59,0x68,0x2b,0xe0,0x99,0x9c,0xb8,0x3a,0x91,0x73,
  0x23,0xfe,0xf1,0x51,0xff,0xf9,0x49,0x16,0xe2,0x5b,0xe0,0xf0,0xfc,0x8e,0xeb,0xdd,
  0x3d,0x3c,0xbb,0x7f,0xaf,0xf7,0xf8,0x93,0x2c,0xb8,0x6b,0x7e,0x9d,0x12,0xaf,0x5,
  0xf9,0xdd,0x27,0xf1,0xfa,0x4f,0x6e,0x67,0xbb,0x2f,0xe4,0xa8,0xdc,0xdb,0xfd,0xfa,
  0x97,0xfe,0xfe,0xf,0x99,0xe,0xc4,0x22,0xff,0x6e,0xcf,0x8e,0x1f,0xf6,0x9e,0xdc,
  0xca,0x82,0x7a,0x8f,0xd3,0xfc,0x7e,0xfb,0xf5,0xcb,0xd3,0xe3,0x47,0x67,0xbf,0x1d,
  0xf5,0xbe,0xff,0x2c,0xb,0x4f,0xf7,0x54,0x92,0xe6,0xf,0xe3,0x17,0x8f,0x6,0x27,
  0xf,0x27,0x27,0xc6,0x12,0xad,0xfb,0xf6,0x8c,0xd9,0xa1,0x61,0x7,0xf7,0xf,0xfb,
  0xfb,0x4f,0x7b,0xdd,0x3f,0x27,0x22,0x2f,0x71,0x21,0x21,0xf2,0xe7,0xca,0xf3,0x1f,
  0xcf,0x3e,0xef,0x4e,0x85,0xd6,0x94,0x4f,0xea,0xbe,0x90,0x97,0xdc,0x8c,0x2b,0xc8,
  0xd4,0xee,0x7f,0xf7,0xfb,0x44,0x6c,0x59,0x26,0x78,0x33,0x4,0xe8,0xe9,0x8b,0xa3,
  0xfe,0xdf,0x5f,0x65,0xc1,0xad,0x1,0xb6,0xae,0x1,0x97,0x7c,0x68,0x27,0x31,0x63,
  0x5d,0x5,0xb8,0xc9,0xa8,0xc4,0x28,0xa8,0xcf,0xc2,0xb8,0x54,0xc3,0x7,0x62,0xfd,
  0x1d,0x93,0xd7,0xb1,0xb9,0xd3,0xe4,0xaa,0xa2,0x9,0x6e,0x58,0x59,0x9b,0x8,0xc9,
  0xe0,0xf2,0x64,0x3b,0x8,0x3b,0xa6,0xbc,0xb3,0x3c,0xa3,0x41,0x28,0x55,0x45,0x6,
  0x97,0x5b,0x58,0xc,0x2f,0xf8,0x28,0x3,0xc,0xef,0xf9,0x14,0x62,0x52,0x6d,0x55,
  0x80,0x1d,0xbf,0x90,0xff,0x2b,0x92,0xc8,0x65,0x72,0xdc,0x63,0xaa,0xca,0x5a,0x75,
  0x5c,0x5f,0xa4,0x56,0x10,0xd2,0x11,0x22,0x54,0x48,0x8a,0xd3,0xf0,0xb3,0xb5,0xea,
  0x4c,0x8,0x66,0x87,0x7a,0x41,0x37,0x5b,0xdd,0x96,0xd5,0x16,0x71,0xbc,0xa,0x7a,
  0x3d,0xa9,0x33,0xb,0x1d,0xea,0xca,0x90,0x12,0x57,0xee,0x84,0xfb,0x29,0x32,0xe6,
  0x2c,0x99,0x26,0xb8,0x2,0xe4,0x5e,0x3b,0xe9,0xc5,0x48,0x46,0xe9,0x25,0xad,0x93,
  0x65,0x6c,0x71,0xec,0xec,0x4d,0x9f,0xab,0xdd,0xe9,0xf2,0xea,0x8a,0xf6,0x5d,0x46,
  0x81,0x93,0x80,0x3b,0xaf,0x15,0xd3,0xf5,0x15,0x14,0x7a,0x3,0x15,0xa,0xd9,0x62,
  0x7d,0x4a,0x86,0x5,0x1e,0x50,0x19,0x4,0x69,0x40,0x7b,0xd3,0x6a,0x27,0xd5,0x96,
  0x7d,0x79,0x30,0xce,0xf4,0x20,0xad,0xc9,0x63,0x12,0xb3,0xc6,0x68,0x48,0x21,0x7f,
  0x1d,0xf5,0x3e,0x3d,0x28,0xcc,0x56,0xe4,0x5c,0x32,0x59,0xe3,0xbb,0x67,0x4e,0x95,
  0xca,0xd7,0xf,0x44,0x63,0xdc,0xc0,0x41,0x2c,0x44,0xbd,0xb7,0x97,0xf2,0x8a,0xd8,
  0x26,0x90,0x28,0x2e,0x69,0x30,0x3e,0x1a,0x1d,0x3e,0x87,0xb4,0x15,0x6f,0x7,0xae,
  0x19,0xf,0xc2,0x40,0xc1,0x26,0xe,0xb1,0x7d,0xfb,0xfd,0xf1,0xcb,0x44,0x16,0xa9,
  0x43,0x4f,0xcf,0x58,0xaa,0xa6,0x45,0x7b,0x50,0x14,0x8e,0x55,0xf5,0x51,0x8f,0xca,
  0x2e,0x34,0x25,0x73,0x57,0xe2,0x55,0xf3,0xf9,0x3b,0x6e,0xd6,0x93,0x9e,0x68,0xea,
  0xb8,0x6a,0xf2,0x65,0x38,0x7c,0xa4,0xa0,0xd1,0x13,0x6e,0xaa,0xaa,0xbe,0xcf,0xe3,
  0xc0,0xf1,0x27,0xe4,0x4c,0xc1,0x9c,0x6f,0x9b,0xa3,0xa0,0xe6,0x46,0xd2,0xdc,0xd9,
  0xc3,0x5a,0xaf,0xca,0x38,0xb9,0x29,0xe5,0x98,0x2e,0x51,0xd2,0x74,0x14,0x59,0x56,
  0xf4,0x5e,0xc,0xdd,0xdf,0x4c,0xb7,0x62,0x57,0xba,0x83,0x98,0x19,0x73,0xb6,0xab,
  0x72,0x0,0xf8,0x44,0xf2,0x4c,0xe3,0xa6,0xfc,0xfc,0x94,0xed,0xae,0xa4,0xde,0x85,
  0xf2,0x75,0x2a,0x5b,0xe5,0xa7,0xa4,0xbc,0x3c,0x73,0x1,0xfa,0xba,0x8,0x3d,0x4d,
  0xa3,0xa8,0x48,0x8c,0xa5,0x33,0x51,0xf4,0x4d,0xcf,0xd,0x9d,0xa,0x19,0x34,0x12,
  0x65,0xbb,0xc9,0xb4,0x16,0xe0,0x9c,0x93,0xd8,0x2c,0x6c,0x92,0x4d,0x23,0xff,0x5b,
  0xf6,0x15,0x7a,0xf7,0xe,0x5e,0x7e,0xfb,0x73,0xe1,0xf2,0xc5,0xc2,0xa5,0x89,0x25,
  0x46,0x2e,0x9d,0x2c,0x47,0x73,0xb0,0xd9,0xee,0xe8,0xc0,0x16,0x27,0xd4,0x4,0xd3,
  0x99,0x5b,0xfe,0xc9,0xdf,0xbf,0x46,0x71,0xe0,0xbe,
    // qmldir
  0x0,0x0,0x0,0x34,
  0x6d,
  0x6f,0x64,0x75,0x6c,0x65,0x20,0x43,0x75,0x73,0x74,0x6f,0x6d,0x53,0x74,0x79,0x6c,
  0x65,0x73,0xd,0xa,0x73,0x69,0x6e,0x67,0x6c,0x65,0x74,0x6f,0x6e,0x20,0x53,0x74,
  0x79,0x6c,0x65,0x20,0x31,0x2e,0x30,0x20,0x53,0x74,0x79,0x6c,0x65,0x2e,0x71,0x6d,
  0x6c,0xd,0xa,
    // RecordButton.qml
  0x0,0x0,0x4,0xca,
  0x2f,
  0x2f,0x20,0x43,0x6f,0x70,0x79,0x72,0x69,0x67,0x68,0x74,0x20,0x28,0x43,0x29,0x20,
  0x32,0x30,0x32,0x31,0x20,0x54,0x68,0x65,0x20,0x51,0x74,0x20,0x43,0x6f,0x6d,0x70,
  0x61,0x6e,0x79,0x20,0x4c,0x74,0x64,0x2e,0xd,0xa,0x2f,0x2f,0x20,0x53,0x50,0x44,
  0x58,0x2d,0x4c,0x69,0x63,0x65,0x6e,0x73,0x65,0x2d,0x49,0x64,0x65,0x6e,0x74,0x69,
  0x66,0x69,0x65,0x72,0x3a,0x20,0x4c,0x69,0x63,0x65,0x6e,0x73,0x65,0x52,0x65,0x66,
  0x2d,0x51,0x74,0x2d,0x43,0x6f,0x6d,0x6d,0x65,0x72,0x63,0x69,0x61,0x6c,0x20,0x4f,
  0x52,0x20,0x42,0x53,0x44,0x2d,0x33,0x2d,0x43,0x6c,0x61,0x75,0x73,0x65,0xd,0xa,
  0xd,0xa,0x69,0x6d,0x70,0x6f,0x72,0x74,0x20,0x51,0x74,0x51,0x75,0x69,0x63,0x6b,
  0xd,0xa,0x69,0x6d,0x70,0x6f,0x72,0x74,0x20,0x51,0x74,0x51,0x75,0x69,0x63,0x6b,
  0x2e,0x43,0x6f,0x6e,0x74,0x72,0x6f,0x6c,0x73,0xd,0xa,0x69,0x6d,0x70,0x6f,0x72,
  0x74,0x20,0x51,0x74,0x4d,0x75,0x6c,0x74,0x69,0x6d,0x65,0x64,0x69,0x61,0xd,0xa,
  0xd,0xa,0x49,0x74,0x65,0x6d,0x20,0x7b,0xd,0xa,0x20,0x20,0x20,0x20,0x69,0x64,
  0x3a,0x20,0x72,0x6f,0x6f,0x74,0xd,0xa,0x20,0x20,0x20,0x20,0x77,0x69,0x64,0x74,
  0x68,0x3a,0x20,0x6f,0x75,0x74,0x65,0x72,0x52,0x61,0x64,0x69,0x75,0x73,0x20,0x2a,
  0x20,0x32,0xd,0xa,0x20,0x20,0x20,0x20,0x68,0x65,0x69,0x67,0x68,0x74,0x3a,0x20,
  0x6f,0x75,0x74,0x65,0x72,0x52,0x61,0x64,0x69,0x75,0x73,0x20,0x2a,0x20,0x32,0xd,
  0xa,0xd,0xa,0x20,0x20,0x20,0x20,0x72,0x65,0x71,0x75,0x69,0x72,0x65,0x64,0x20,
  0x70,0x72,0x6f,0x70,0x65,0x72,0x74,0x79,0x20,0x62,0x6f,0x6f,0x6c,0x20,0x72,0x65,
  0x63,0x6f,0x72,0x64,0x69,0x6e,0x67,0xd,0xa,0xd,0xa,0x20,0x20,0x20,0x20,0x70,
  0x72,0x6f,0x70,0x65,0x72,0x74,0x79,0x20,0x69,0x6e,0x74,0x20,0x6f,0x75,0x74,0x65,
  0x72,0x52,0x61,0x64,0x69,0x75,0x73,0x3a,0x20,0x53,0x74,0x79,0x6c,0x65,0x2e,0x68,
  0x65,0x69,0x67,0x68,0x74,0xd,0xa,0x20,0x20,0x20,0x20,0x70,0x72,0x6f,0x70,0x65,
  0x72,0x74,0x79,0x20,0x69,0x6e,0x74,0x20,0x69,0x6e,0x6e,0x65,0x72,0x52,0x61,0x64,
  0x69,0x75,0x73,0x3a,0x20,0x6d,0x6f,0x75,0x73,0x65,0x2e,0x70,0x72,0x65,0x73,0x73,
  0x65,0x64,0x42,0x75,0x74,0x74,0x6f,0x6e,0x73,0x20,0x3d,0x3d,0x3d,0x20,0x51,0x74,
  0x2e,0x4c,0x65,0x66,0x74,0x42,0x75,0x74,0x74,0x6f,0x6e,0x20,0x3f,0x20,0x6f,0x75,
  0x74,0x65,0x72,0x52,0x61,0x64,0x69,0x75,0x73,0x20,0x2d,0x20,0x36,0x20,0x3a,0x20,
  0x6f,0x75,0x74,0x65,0x72,0x52,0x61,0x64,0x69,0x75,0x73,0x20,0x2d,0x20,0x35,0xd,
  0xa,0xd,0xa,0x20,0x20,0x20,0x20,0x73,0x69,0x67,0x6e,0x61,0x6c,0x20,0x63,0x6c,
  0x69,0x63,0x6b,0x65,0x64,0xd,0xa,0xd,0xa,0x20,0x20,0x20,0x20,0x52,0x65,0x63,
  0x74,0x61,0x6e,0x67,0x6c,0x65,0x20,0x7b,0xd,0xa,0x20,0x20,0x20,0x20,0x20,0x20,
  0x20,0x20,0x61,0x6e,0x63,0x68,0x6f,0x72,0x73,0x2e,0x66,0x69,0x6c,0x6c,0x3a,0x20,
  0x70,0x61,0x72,0x65,0x6e,0x74,0xd,0xa,0x20,0x20,0x20,0x20,0x20,0x20,0x20,0x20,
  0x72,0x61,0x64,0x69,0x75,0x73,0x3a,0x20,0x6f,0x75,0x74,0x65,0x72,0x52,0x61,0x64,
  0x69,0x75,0x73,0xd,0xa,0x20,0x20,0x20,0x20,0x20,0x20,0x20,0x20,0x6f,0x70,0x61,
  0x63,0x69,0x74,0x79,0x3a,0x20,0x30,0x2e,0x35,0xd,0xa,0x20,0x20,0x20,0x20,0x20,
  0x20,0x20,0x20,0x62,0x6f,0x72,0x64,0x65,0x72,0x2e,0x63,0x6f,0x6c,0x6f,0x72,0x3a,
  0x20,0x22,0x62,0x6c,0x61,0x63,0x6b,0x22,0xd,0xa,0x20,0x20,0x20,0x20,0x20,0x20,
  0x20,0x20,0x62,0x6f,0x72,0x64,0x65,0x72,0x2e,0x77,0x69,0x64,0x74,0x68,0x3a,0x20,
  0x31,0xd,0xa,0x20,0x20,0x20,0x20,0x7d,0xd,0xa,0xd,0xa,0x20,0x20,0x20,0x20,
  0x52,0x65,0x63,0x74,0x61,0x6e,0x67,0x6c,0x65,0x20,0x7b,0xd,0xa,0x20,0x20,0x20,
  0x20,0x20,0x20,0x20,0x20,0x61,0x6e,0x63,0x68,0x6f,0x72,0x73,0x2e,0x63,0x65,0x6e,
  0x74,0x65,0x72,0x49,0x6e,0x3a,0x20,0x70,0x61,0x72,0x65,0x6e,0x74,0xd,0xa,0x20,
  0x20,0x20,0x20,0x20,0x20,0x20,0x20,0x77,0x69,0x64,0x74,0x68,0x3a,0x20,0x72,0x65,
  0x63,0x6f,0x72,0x64,0x69,0x6e,0x67,0x20,0x3f,0x20,0x69,0x6e,0x6e,0x65,0x72,0x52,
  0x61,0x64,0x69,0x75,0x73,0x20,0x2a,0x20,0x32,0x20,0x2d,0x20,0x31,0x35,0x20,0x3a,
  0x20,0x69,0x6e,0x6e,0x65,0x72,0x52,0x61,0x64,0x69,0x75,0x73,0x20,0x2a,0x20,0x32,
  0xd,0xa,0x20,0x20,0x20,0x20,0x20,0x20,0x20,0x20,0x68,0x65,0x69,0x67,0x68,0x74,
  0x3a,0x20,0x72,0x65,0x63,0x6f,0x72,0x64,0x69,0x6e,0x67,0x20,0x3f,0x20,0x69,0x6e,
  0x6e,0x65,0x72,0x52,0x61,0x64,0x69,0x75,0x73,0x20,0x2a,0x20,0x32,0x20,0x2d,0x20,
  0x31,0x35,0x20,0x3a,0x20,0x69,0x6e,0x6e,0x65,0x72,0x52,0x61,0x64,0x69,0x75,0x73,
  0x20,0x2a,0x20,0x32,0xd,0xa,0x20,0x20,0x20,0x20,0x20,0x20,0x20,0x20,0x72,0x61,
  0x64,0x69,0x75,0x73,0x3a,0x20,0x72,0x65,0x63,0x6f,0x72,0x64,0x69,0x6e,0x67,0x20,
  0x3f,0x20,0x32,0x20,0x3a,0x20,0x69,0x6e,0x6e,0x65,0x72,0x52,0x61,0x64,0x69,0x75,
  0x73,0xd,0xa,0x20,0x20,0x20,0x20,0x20,0x20,0x20,0x20,0x63,0x6f,0x6c,0x6f,0x72,
  0x3a,0x20,0x22,0x72,0x65,0x64,0x22,0xd,0xa,0xd,0xa,0x20,0x20,0x20,0x20,0x20,
  0x20,0x20,0x20,0x42,0x65,0x68,0x61,0x76,0x69,0x6f,0x72,0x20,0x6f,0x6e,0x20,0x77,
  0x69,0x64,0x74,0x68,0x20,0x7b,0x20,0x4e,0x75,0x6d,0x62,0x65,0x72,0x41,0x6e,0x69,
  0x6d,0x61,0x74,0x69,0x6f,0x6e,0x20,0x7b,0x20,0x64,0x75,0x72,0x61,0x74,0x69,0x6f,
  0x6e,0x3a,0x20,0x31,0x30,0x30,0x20,0x7d,0x7d,0xd,0xa,0x20,0x20,0x20,0x20,0x20,
  0x20,0x20,0x20,0x42,0x65,0x68,0x61,0x76,0x69,0x6f,0x72,0x20,0x6f,0x6e,0x20,0x68,
  0x65,0x69,0x67,0x68,0x74,0x20,0x7b,0x20,0x4e,0x75,0x6d,0x62,0x65,0x72,0x41,0x6e,
  0x69,0x6d,0x61,0x74,0x69,0x6f,0x6e,0x20,0x7b,0x20,0x64,0x75,0x72,0x61,0x74,0x69,
  0x6f,0x6e,0x3a,0x20,0x31,0x30,0x30,0x20,0x7d,0x7d,0xd,0xa,0x20,0x20,0x20,0x20,
  0x20,0x20,0x20,0x20,0x42,0x65,0x68,0x61,0x76,0x69,0x6f,0x72,0x20,0x6f,0x6e,0x20,
  0x72,0x61,0x64,0x69,0x75,0x73,0x20,0x7b,0x20,0x4e,0x75,0x6d,0x62,0x65,0x72,0x41,
  0x6e,0x69,0x6d,0x61,0x74,0x69,0x6f,0x6e,0x20,0x7b,0x20,0x64,0x75,0x72,0x61,0x74,
  0x69,0x6f,0x6e,0x3a,0x20,0x31,0x30,0x30,0x20,0x7d,0x7d,0xd,0xa,0xd,0xa,0x20,
  0x20,0x20,0x20,0x20,0x20,0x20,0x20,0x4d,0x6f,0x75,0x73,0x65,0x41,0x72,0x65,0x61,
  0x20,0x7b,0xd,0xa,0x20,0x20,0x20,0x20,0x20,0x20,0x20,0x20,0x20,0x20,0x20,0x20,
  0x69,0x64,0x3a,0x20,0x6d,0x6f,0x75,0x73,0x65,0xd,0xa,0x20,0x20,0x20,0x20,0x20,
  0x20,0x20,0x20,0x20,0x20,0x20,0x20,0x61,0x6e,0x63,0x68,0x6f,0x72,0x73,0x2e,0x66,
  0x69,0x6c,0x6c,0x3a,0x20,0x70,0x61,0x72,0x65,0x6e,0x74,0xd,0xa,0x20,0x20,0x20,
  0x20,0x20,0x20,0x20,0x20,0x20,0x20,0x20,0x20,0x6f,0x6e,0x43,0x6c,0x69,0x63,0x6b,
  0x65,0x64,0x3a,0x20,0x72,0x6f,0x6f,0x74,0x2e,0x63,0x6c,0x69,0x63,0x6b,0x65,0x64,
  0x28,0x29,0xd,0xa,0x20,0x20,0x20,0x20,0x20,0x20,0x20,0x20,0x7d,0xd,0xa,0x20,
  0x20,0x20,0x20,0x7d,0xd,0xa,0x7d,0xd,0xa,
    // main.qml
  0x0,0x0,0x4,0xb3,
  0x0,
  0x0,0x10,0xd5,0x78,0xda,0xdd,0x56,0xcd,0x6e,0x1b,0x37,0x10,0xbe,0x1b,0xf0,0x3b,
  0x30,0x3e,0x4,0x52,0x53,0xad,0x7f,0x8a,0x2,0xc5,0x1a,0x6a,0xe0,0xc8,0x29,0x62,
  0x40,0xaa,0x64,0xcb,0x4d,0x7a,0xa5,0x76,0x47,0x12,0x11,0x8a,0x5c,0x70,0xb9,0x92,
  0x5,0x43,0xf7,0x9e,0x5b,0xf4,0xd0,0x37,0x28,0xfa,0x0,0xbd,0xe5,0x6d,0xea,0xf7,
  0xe8,0x70,0xc9,0xfd,0x5f,0x39,0x4e,0x11,0xa0,0x45,0x85,0x20,0x5e,0xce,0x1f,0xe7,
  0xe7,0x9b,0xe1,0x1c,0x1f,0x93,0x81,0x8c,0xb6,0x8a,0x2d,0x96,0x9a,0x74,0x6,0x5d,
  0x72,0x76,0x72,0x76,0x4a,0x6e,0x97,0x40,0xae,0x35,0x72,0x56,0x11,0x15,0x5b,0x32,
  0xd4,0xa1,0x77,0x78,0x70,0x7c,0x4c,0xa6,0x93,0xcb,0x1f,0x7b,0x43,0x16,0x80,0x88,
  0xa1,0x77,0x15,0x82,0xd0,0x6c,0xce,0x40,0xf9,0xc4,0xd1,0x6e,0x60,0xde,0xbb,0xd6,
  0x3d,0xd4,0x5b,0x81,0xa,0x18,0xe5,0x64,0x7c,0x43,0x5e,0x4d,0x2f,0x7b,0x5f,0xf5,
  0x6,0x9c,0x26,0x31,0x1c,0x1e,0x1c,0x1e,0xb0,0x55,0x24,0x95,0x46,0xfb,0xd7,0x9,
  0xb,0xde,0xd7,0xcf,0xde,0x3b,0x26,0x42,0xb9,0x69,0x90,0x7,0x52,0x68,0x25,0x79,
  0xdc,0x60,0xc,0xe9,0x56,0x26,0xba,0x4c,0x1f,0x25,0x5c,0xb3,0x15,0x84,0x8c,0x9a,
  0xeb,0xac,0x3d,0x72,0x7f,0x78,0x40,0xf0,0xc7,0x42,0x9f,0x28,0x29,0xb5,0x3d,0xad,
  0x59,0xcc,0x66,0x1c,0x7c,0xa2,0x55,0x2,0x96,0xa4,0x99,0x36,0x84,0xa3,0x87,0x3f,
  0x7e,0xfe,0xeb,0xc3,0x2f,0xf,0x1f,0x7e,0x7d,0xf8,0xe9,0xcf,0x87,0xdf,0x7e,0x3f,
  0xb2,0xdc,0xd,0xb,0xf5,0xd2,0x27,0x53,0xbd,0xe5,0xe0,0xc5,0x81,0x2,0x10,0xef,
  0xc,0xc9,0x72,0x97,0x60,0xd2,0x58,0x65,0xbf,0x41,0x9a,0xe1,0x5b,0x89,0x40,0x72,
  0x89,0xe9,0x8a,0x28,0x7,0xad,0xc1,0xdb,0xb8,0x58,0x2d,0x53,0x5a,0x5b,0x83,0x25,
  0x15,0xb,0x8,0x7d,0xe7,0xb1,0xf9,0x59,0x83,0x1,0xe5,0x41,0xc2,0xa9,0x86,0x1b,
  0xaa,0x99,0xec,0x98,0x30,0xbc,0xd4,0xa1,0x2f,0xd3,0x90,0x3c,0x7b,0x7d,0xd7,0xaa,
  0xed,0x32,0xab,0x6f,0x59,0x8,0x72,0x9c,0xe8,0x28,0xd1,0xa4,0x64,0xd2,0x24,0x62,
  0x5d,0xb0,0xa,0x6,0x15,0xc1,0x52,0xaa,0xd8,0x9b,0x33,0xce,0x8d,0xa7,0xa,0xab,
  0x5c,0x70,0xf3,0x8c,0x3d,0x8b,0x38,0xdd,0xce,0x28,0x16,0xc0,0x7c,0x30,0xb1,0xa8,
  0x5d,0x3b,0x91,0x51,0x12,0xd5,0x2f,0x54,0x10,0x48,0x15,0x82,0x7a,0xad,0x94,0x54,
  0xcd,0x2b,0x11,0x43,0x1a,0xd4,0x95,0xf0,0xc9,0x78,0xd,0xa,0xcd,0x7a,0xd2,0xfe,
  0x2d,0x44,0x6f,0xe1,0xe,0xc3,0x68,0x1a,0x4b,0xe9,0xbb,0x9a,0xf,0x3,0x1a,0xe9,
  0x44,0xc1,0x14,0xe2,0x98,0x49,0x51,0x77,0x26,0xa8,0x70,0xb,0x5e,0x66,0xb7,0xb8,
  0xa1,0xe4,0x69,0x12,0x32,0x79,0x25,0x30,0x61,0xa8,0xef,0x10,0xe9,0x15,0xc4,0x42,
  0x30,0xa0,0xd8,0x1,0xb4,0x24,0x64,0x9,0x85,0x80,0x45,0x87,0xf3,0xb0,0x24,0x57,
  0xa1,0x17,0xe2,0x16,0x29,0x4d,0xf1,0xa,0xbd,0x5c,0xa6,0xbc,0xb2,0x2d,0x65,0xce,
  0x13,0x34,0x32,0x4d,0x72,0xe3,0xa2,0xdc,0x57,0xac,0x82,0x2a,0x45,0x26,0x3b,0xd5,
  0x8,0xc3,0xc,0xa8,0xa4,0x13,0x9b,0x63,0x97,0xf4,0xbf,0x2d,0xdb,0x48,0xed,0xcc,
  0x1d,0x93,0xf4,0xfb,0xfd,0xea,0x75,0xde,0x54,0xcb,0x28,0x82,0x70,0x6a,0x75,0x6b,
  0x8a,0x69,0x21,0xc,0xa8,0x4d,0xa4,0x8,0x8b,0xb1,0x62,0xf8,0xbf,0xc1,0xbd,0x20,
  0x7d,0xec,0x71,0x6f,0xa2,0xd8,0x8a,0xaa,0x6d,0x89,0xde,0x34,0x90,0xce,0x80,0x21,
  0x8b,0xb5,0x47,0xf1,0x26,0x11,0x76,0xba,0x55,0x99,0x1d,0x1,0x1e,0xc3,0xa3,0x4e,
  0xda,0xf,0x84,0x77,0xea,0x26,0x79,0xfe,0xbc,0x6,0x1b,0x57,0xd7,0x56,0xff,0x71,
  0x60,0x72,0x19,0xbc,0x27,0xb2,0xe4,0xfb,0x66,0xc9,0x38,0xb8,0xd4,0xa2,0x55,0x84,
  0x7e,0x48,0xb0,0xe2,0xc6,0x36,0x25,0x91,0x82,0x35,0x83,0xd,0xc1,0xc8,0x16,0xf0,
  0x29,0xf9,0x48,0x39,0x16,0x39,0x5e,0xe9,0xb6,0xf3,0xa6,0x8d,0x12,0x16,0xbc,0x85,
  0xa2,0xb3,0x5b,0x79,0x65,0x2e,0xeb,0xcc,0x13,0x11,0x18,0x95,0x8e,0x82,0x18,0x83,
  0x31,0x0,0x8b,0x25,0xce,0x1c,0x2e,0x17,0x9d,0xa3,0x89,0xf3,0xcb,0x85,0x1e,0x1e,
  0x75,0xc9,0xae,0x9e,0xca,0xe2,0xb8,0x2b,0x3,0xe6,0x22,0xd0,0x9,0xe5,0x43,0x19,
  0xa4,0xe,0x15,0x88,0x49,0x14,0x6f,0xc3,0x4b,0x51,0xb1,0xf4,0xeb,0x7,0xc5,0x31,
  0x3a,0x94,0xdd,0x63,0x3d,0x6d,0xfd,0x71,0x10,0x24,0x4a,0x19,0xab,0xf7,0xcd,0x99,
  0xe0,0x69,0x33,0x18,0xfa,0x39,0xc3,0x3,0xc3,0x99,0x6a,0x85,0xc9,0x3f,0xaf,0x8a,
  0x7b,0x12,0x31,0xd2,0xe9,0x9e,0x37,0xc6,0xc8,0xc4,0x4d,0xba,0x7a,0x83,0x64,0x13,
  0xb0,0x31,0xc8,0xea,0x51,0xb5,0x8f,0xd2,0x34,0x5e,0xaa,0x16,0x4c,0xc4,0x3e,0xf9,
  0xfa,0xa4,0x35,0x44,0x8a,0x45,0x59,0x43,0x65,0x8c,0xa4,0x25,0x88,0xdf,0xda,0x39,
  0x5c,0xf3,0xf4,0x3b,0x85,0x68,0xac,0xbb,0x99,0xe7,0x34,0xe5,0x16,0xbc,0xec,0xb5,
  0x3a,0x2d,0xdf,0xed,0x1e,0x38,0xeb,0xab,0x7d,0x5d,0x9a,0x73,0x7a,0x26,0xb5,0x96,
  0xab,0xc2,0xab,0xd4,0xb0,0x87,0xed,0x5c,0x88,0xde,0xed,0xf7,0x99,0xbc,0x24,0x27,
  0x64,0xdf,0x15,0x26,0x9f,0xb,0x25,0x13,0x81,0x8e,0x63,0xef,0x69,0xc4,0xb,0x87,
  0x7a,0x3e,0x1f,0x7f,0xa2,0x5a,0xde,0xd9,0x19,0x8d,0x6b,0xfd,0x24,0x23,0x1a,0x30,
  0xbd,0xf5,0xc9,0x89,0xf7,0x4d,0x25,0xf3,0xc5,0xe1,0x15,0x2c,0xe9,0x9a,0x49,0x85,
  0x38,0x23,0x77,0x88,0xad,0xef,0x93,0xd5,0xc,0xd4,0x85,0xc0,0xee,0x4c,0xdb,0xee,
  0x9e,0x84,0x89,0x4a,0x3f,0x7d,0xdc,0x9a,0x4e,0x70,0x9a,0x54,0xd4,0x47,0x59,0xda,
  0x1b,0x33,0xb1,0x5c,0x93,0x4f,0xd,0x2c,0xc3,0x5c,0x1b,0xfa,0x76,0x4f,0x41,0x43,
  0xa5,0x66,0x65,0x7f,0xf7,0x60,0x97,0xc3,0x5c,0xe7,0xc5,0x32,0x87,0x2a,0x5b,0x59,
  0xc,0x39,0x7e,0x7a,0xaa,0xa,0x64,0x58,0x71,0x12,0xf6,0xb8,0x27,0xe3,0x19,0x22,
  0x73,0xe4,0x58,0x2,0x79,0xe1,0x16,0x20,0x66,0xd6,0x83,0xa9,0xa9,0x1c,0x4e,0xce,
  0x2f,0xc8,0x19,0x32,0x3a,0x31,0x16,0x18,0x8f,0xf1,0x6b,0x11,0x48,0xd3,0xdf,0x6e,
  0x41,0x79,0x49,0xea,0xc,0x67,0xb,0x2b,0xde,0x25,0x2f,0x72,0xb5,0x11,0x68,0x7a,
  0x49,0x35,0x6d,0xea,0xe5,0x9c,0x92,0x62,0xd9,0xd9,0xff,0x28,0x52,0x9d,0xb7,0x8f,
  0xc3,0xf5,0xb4,0x9,0xd7,0x81,0xe4,0xc9,0x4a,0xd8,0x65,0xfa,0x69,0x51,0x54,0x65,
  0xb2,0xfd,0xbc,0xed,0x21,0xb4,0x56,0x3d,0xca,0xd9,0x42,0xac,0x50,0xd7,0x37,0xf,
  0xf8,0x85,0x39,0xbd,0x19,0xa4,0x2b,0x5f,0x53,0xa5,0xc,0xd5,0x96,0x97,0xf0,0x91,
  0x15,0xad,0x91,0x9d,0x7c,0x81,0xde,0x5b,0xa5,0x7f,0xe8,0x63,0xbe,0xb,0x17,0xcb,
  0x9b,0xc3,0x4e,0x65,0x3a,0x97,0x7f,0x6e,0xbc,0x96,0xd6,0xb7,0xca,0xf4,0x6b,0x8c,
  0xe6,0x8f,0x85,0x55,0xc5,0xb8,0x89,0xab,0x35,0x95,0xb5,0x5e,0xf8,0xb7,0xa2,0x8f,
  0x68,0x68,0x96,0x1e,0xbf,0xa5,0x9d,0x3f,0x47,0x8d,0xe9,0x1a,0x26,0x54,0x2f,0xb3,
  0xa4,0xb4,0x55,0xd9,0xc0,0x2a,0xae,0xc9,0xfd,0x4f,0xb3,0x51,0x1b,0x63,0x7b,0xb3,
  0x51,0x93,0xfb,0xbc,0xd9,0x78,0xe6,0x62,0x8b,0x47,0x72,0x86,0x8b,0x6f,0xa7,0x9b,
  0x6e,0xd0,0x4f,0x4e,0xd1,0x47,0xa2,0xde,0xb5,0xbd,0x7d,0xf8,0xef,0x6f,0xb,0x74,
  0xc5,0x5f,
    // Style.qml
  0x0,0x0,0x3,0x58,
  0x2f,
  0x2f,0x20,0x43,0x6f,0x70,0x79,0x72,0x69,0x67,0x68,0x74,0x20,0x28,0x43,0x29,0x20,
  0x32,0x30,0x32,0x31,0x20,0x54,0x68,0x65,0x20,0x51,0x74,0x20,0x43,0x6f,0x6d,0x70,
  0x61,0x6e,0x79,0x20,0x4c,0x74,0x64,0x2e,0xd,0xa,0x2f,0x2f,0x20,0x53,0x50,0x44,
  0x58,0x2d,0x4c,0x69,0x63,0x65,0x6e,0x73,0x65,0x2d,0x49,0x64,0x65,0x6e,0x74,0x69,
  0x66,0x69,0x65,0x72,0x3a,0x20,0x4c,0x69,0x63,0x65,0x6e,0x73,0x65,0x52,0x65,0x66,
  0x2d,0x51,0x74,0x2d,0x43,0x6f,0x6d,0x6d,0x65,0x72,0x63,0x69,0x61,0x6c,0x20,0x4f,
  0x52,0x20,0x42,0x53,0x44,0x2d,0x33,0x2d,0x43,0x6c,0x61,0x75,0x73,0x65,0xd,0xa,
  0xd,0xa,0x70,0x72,0x61,0x67,0x6d,0x61,0x20,0x53,0x69,0x6e,0x67,0x6c,0x65,0x74,
  0x6f,0x6e,0xd,0xa,0x69,0x6d,0x70,0x6f,0x72,0x74,0x20,0x51,0x74,0x51,0x75,0x69,
  0x63,0x6b,0xd,0xa,0xd,0xa,0x51,0x74,0x4f,0x62,0x6a,0x65,0x63,0x74,0x20,0x7b,
  0xd,0xa,0xd,0xa,0x20,0x20,0x20,0x20,0x66,0x75,0x6e,0x63,0x74,0x69,0x6f,0x6e,
  0x20,0x69,0x73,0x4d,0x6f,0x62,0x69,0x6c,0x65,0x28,0x29,0x20,0x7b,0xd,0xa,0x20,
  0x20,0x20,0x20,0x20,0x20,0x20,0x20,0x72,0x65,0x74,0x75,0x72,0x6e,0x20,0x51,0x74,
  0x2e,0x70,0x6c,0x61,0x74,0x66,0x6f,0x72,0x6d,0x2e,0x6f,0x73,0x20,0x3d,0x3d,0x3d,
  0x20,0x22,0x61,0x6e,0x64,0x72,0x6f,0x69,0x64,0x22,0x20,0x7c,0x7c,0x20,0x51,0x74,
  0x2e,0x70,0x6c,0x61,0x74,0x66,0x6f,0x72,0x6d,0x2e,0x6f,0x73,0x20,0x3d,0x3d,0x3d,
  0x20,0x22,0x69,0x6f,0x73,0x22,0x3b,0xd,0xa,0x20,0x20,0x20,0x20,0x7d,0xd,0xa,
  0xd,0xa,0x20,0x20,0x20,0x20,0x66,0x75,0x6e,0x63,0x74,0x69,0x6f,0x6e,0x20,0x63,
  0x61,0x6c,0x63,0x75,0x6c,0x61,0x74,0x65,0x52,0x61,0x74,0x69,0x6f,0x28,0x77,0x69,
  0x6e,0x64,0x6f,0x77,0x57,0x69,0x64,0x74,0x68,0x2c,0x20,0x77,0x69,0x6e,0x64,0x6f,
  0x77,0x48,0x65,0x69,0x67,0x68,0x74,0x29,0x20,0x7b,0xd,0xa,0x20,0x20,0x20,0x20,
  0x20,0x20,0x20,0x20,0x76,0x61,0x72,0x20,0x72,0x65,0x66,0x57,0x69,0x64,0x74,0x68,
  0x20,0x3d,0x20,0x38,0x30,0x30,0x2e,0x3b,0xd,0xa,0x20,0x20,0x20,0x20,0x20,0x20,
  0x20,0x20,0x53,0x74,0x79,0x6c,0x65,0x2e,0x72,0x61,0x74,0x69,0x6f,0x20,0x3d,0x20,
  0x77,0x69,0x6e,0x64,0x6f,0x77,0x57,0x69,0x64,0x74,0x68,0x2f,0x72,0x65,0x66,0x57,
  0x69,0x64,0x74,0x68,0x3b,0xd,0xa,0x20,0x20,0x20,0x20,0x7d,0xd,0xa,0xd,0xa,
  0x20,0x20,0x20,0x20,0x70,0x72,0x6f,0x70,0x65,0x72,0x74,0x79,0x20,0x72,0x65,0x61,
  0x6c,0x20,0x72,0x61,0x74,0x69,0x6f,0x20,0x3a,0x20,0x31,0xd,0xa,0xd,0xa,0x20,
  0x20,0x20,0x20,0x70,0x72,0x6f,0x70,0x65,0x72,0x74,0x79,0x20,0x72,0x65,0x61,0x6c,
  0x20,0x73,0x63,0x72,0x65,0x65,0x6e,0x57,0x69,0x64,0x74,0x68,0x3a,0x20,0x69,0x73,
  0x4d,0x6f,0x62,0x69,0x6c,0x65,0x28,0x29,0x3f,0x20,0x34,0x30,0x30,0x20,0x3a,0x20,
  0x38,0x30,0x30,0xd,0xa,0x20,0x20,0x20,0x20,0x70,0x72,0x6f,0x70,0x65,0x72,0x74,
  0x79,0x20,0x72,0x65,0x61,0x6c,0x20,0x73,0x63,0x72,0x65,0x65,0x6e,0x48,0x65,0x69,
  0x67,0x74,0x68,0x3a,0x20,0x69,0x73,0x4d,0x6f,0x62,0x69,0x6c,0x65,0x28,0x29,0x3f,
  0x20,0x39,0x30,0x30,0x20,0x3a,0x20,0x36,0x30,0x30,0xd,0xa,0xd,0xa,0x20,0x20,
  0x20,0x20,0x70,0x72,0x6f,0x70,0x65,0x72,0x74,0x79,0x20,0x72,0x65,0x61,0x6c,0x20,
  0x68,0x65,0x69,0x67,0x68,0x74,0x3a,0x20,0x32,0x35,0xd,0xa,0x20,0x20,0x20,0x20,
  0x70,0x72,0x6f,0x70,0x65,0x72,0x74,0x79,0x20,0x72,0x65,0x61,0x6c,0x20,0x77,0x69,
  0x64,0x74,0x68,0x54,0x69,0x6e,0x79,0x3a,0x20,0x34,0x30,0x2a,0x72,0x61,0x74,0x69,
  0x6f,0xd,0xa,0x20,0x20,0x20,0x20,0x70,0x72,0x6f,0x70,0x65,0x72,0x74,0x79,0x20,
  0x72,0x65,0x61,0x6c,0x20,0x77,0x69,0x64,0x74,0x68,0x53,0x68,0x6f,0x72,0x74,0x3a,
  0x20,0x38,0x30,0x2a,0x72,0x61,0x74,0x69,0x6f,0xd,0xa,0x20,0x20,0x20,0x20,0x70,
  0x72,0x6f,0x70,0x65,0x72,0x74,0x79,0x20,0x72,0x65,0x61,0x6c,0x20,0x77,0x69,0x64,
  0x74,0x68,0x4d,0x65,0x64,0x69,0x75,0x6d,0x3a,0x20,0x31,0x36,0x30,0x2a,0x72,0x61,
  0x74,0x69,0x6f,0xd,0xa,0x20,0x20,0x20,0x20,0x70,0x72,0x6f,0x70,0x65,0x72,0x74,
  0x79,0x20,0x72,0x65,0x61,0x6c,0x20,0x77,0x69,0x64,0x74,0x68,0x4c,0x6f,0x6e,0x67,
  0x3a,0x20,0x32,0x32,0x30,0x2a,0x72,0x61,0x74,0x69,0x6f,0xd,0xa,0x20,0x20,0x20,
  0x20,0x70,0x72,0x6f,0x70,0x65,0x72,0x74,0x79,0x20,0x72,0x65,0x61,0x6c,0x20,0x69,
  0x6e,0x74,0x72,0x61,0x53,0x70,0x61,0x63,0x69,0x6e,0x67,0x3a,0x20,0x35,0xd,0xa,
  0x20,0x20,0x20,0x20,0x70,0x72,0x6f,0x70,0x65,0x72,0x74,0x79,0x20,0x72,0x65,0x61,
  0x6c,0x20,0x69,0x6e,0x74,0x65,0x72,0x53,0x70,0x61,0x63,0x69,0x6e,0x67,0x3a,0x20,
  0x31,0x35,0xd,0xa,0x20,0x20,0x20,0x20,0x70,0x72,0x6f,0x70,0x65,0x72,0x74,0x79,
  0x20,0x72,0x65,0x61,0x6c,0x20,0x66,0x6f,0x6e,0x74,0x53,0x69,0x7a,0x65,0x3a,0x20,
  0x31,0x31,0xd,0xa,0x7d,0xd,0xa,
    // SavePathSettings.qml
  0x0,0x0,0x6,0x71,
  0x2f,
  0x2f,0x20,0x43,0x6f,0x70,0x79,0x72,0x69,0x67,0x68,0x74,0x20,0x28,0x43,0x29,0x20,
  0x32,0x30,0x32,0x31,0x20,0x54,0x68,0x65,0x20,0x51,0x74,0x20,0x43,0x6f,0x6d,0x70,
  0x61,0x6e,0x79,0x20,0x4c,0x74,0x64,0x2e,0xa,0x2f,0x2f,0x20,0x53,0x50,0x44,0x58,
  0x2d,0x4c,0x69,0x63,0x65,0x6e,0x73,0x65,0x2d,0x49,0x64,0x65,0x6e,0x74,0x69,0x66,
  0x69,0x65,0x72,0x3a,0x20,0x4c,0x69,0x63,0x65,0x6e,0x73,0x65,0x52,0x65,0x66,0x2d,
  0x51,0x74,0x2d,0x43,0x6f,0x6d,0x6d,0x65,0x72,0x63,0x69,0x61,0x6c,0x20,0x4f,0x52,
  0x20,0x42,0x53,0x44,0x2d,0x33,0x2d,0x43,0x6c,0x61,0x75,0x73,0x65,0xa,0xa,0x69,
  0x6d,0x70,0x6f,0x72,0x74,0x20,0x51,0x74,0x51,0x75,0x69,0x63,0x6b,0xa,0x69,0x6d,
  0x70,0x6f,0x72,0x74,0x20,0x51,0x74,0x51,0x75,0x69,0x63,0x6b,0x2e,0x43,0x6f,0x6e,
  0x74,0x72,0x6f,0x6c,0x73,0xa,0x69,0x6d,0x70,0x6f,0x72,0x74,0x20,0x51,0x74,0x51,
  0x75,0x69,0x63,0x6b,0x2e,0x44,0x69,0x61,0x6c,0x6f,0x67,0x73,0xa,0x69,0x6d,0x70,
  0x6f,0x72,0x74,0x20,0x51,0x74,0x51,0x75,0x69,0x63,0x6b,0x2e,0x4c,0x61,0x79,0x6f,
  0x75,0x74,0x73,0xa,0x69,0x6d,0x70,0x6f,0x72,0x74,0x20,0x51,0x74,0x4d,0x75,0x6c,
  0x74,0x69,0x6d,0x65,0x64,0x69,0x61,0xa,0xa,0x43,0x6f,0x6c,0x75,0x6d,0x6e,0x20,
  0x7b,0xa,0x20,0x20,0x20,0x20,0x69,0x64,0x3a,0x20,0x72,0x6f,0x6f,0x74,0xa,0x20,
  0x20,0x20,0x20,0x73,0x70,0x61,0x63,0x69,0x6e,0x67,0x3a,0x20,0x53,0x74,0x79,0x6c,
  0x65,0x2e,0x69,0x6e,0x74,0x72,0x61,0x53,0x70,0x61,0x63,0x69,0x6e,0x67,0xa,0xa,
  0x20,0x20,0x20,0x20,0x72,0x65,0x71,0x75,0x69,0x72,0x65,0x64,0x20,0x70,0x72,0x6f,
  0x70,0x65,0x72,0x74,0x79,0x20,0x76,0x61,0x72,0x20,0x72,0x65,0x63,0x6f,0x72,0x64,
  0x65,0x72,0xa,0xa,0x20,0x20,0x20,0x20,0x43,0x6f,0x6d,0x70,0x6f,0x6e,0x65,0x6e,
  0x74,0x2e,0x6f,0x6e,0x43,0x6f,0x6d,0x70,0x6c,0x65,0x74,0x65,0x64,0x3a,0x20,0x7b,
  0xa,0x20,0x20,0x20,0x20,0x20,0x20,0x20,0x20,0x69,0x66,0x20,0x28,0x61,0x70,0x70,
  0x53,0x65,0x74,0x74,0x69,0x6e,0x67,0x73,0x2e,0x73,0x61,0x76,0x65,0x50,0x61,0x74,
  0x68,0x20,0x21,0x3d,0x3d,0x20,0x22,0x22,0x29,0x20,0x7b,0xa,0x20,0x20,0x20,0x20,
  0x20,0x20,0x20,0x20,0x20,0x20,0x20,0x20,0x72,0x65,0x63,0x6f,0x72,0x64,0x65,0x72,
  0x2e,0x6f,0x75,0x74,0x70,0x75,0x74,0x4c,0x6f,0x63,0x61,0x74,0x69,0x6f,0x6e,0x20,
  0x3d,0x20,0x61,0x70,0x70,0x53,0x65,0x74,0x74,0x69,0x6e,0x67,0x73,0x2e,0x73,0x61,
  0x76,0x65,0x50,0x61,0x74,0x68,0xa,0x20,0x20,0x20,0x20,0x20,0x20,0x20,0x20,0x7d,
  0xa,0x20,0x20,0x20,0x20,0x7d,0xa,0xa,0x20,0x20,0x20,0x20,0x54,0x65,0x78,0x74,
  0x20,0x7b,0xa,0x20,0x20,0x20,0x20,0x20,0x20,0x20,0x20,0x74,0x65,0x78,0x74,0x3a,
  0x20,0x22,0xe4,0xbf,0x9d,0xe5,0xad,0x98,0xe8,0xb7,0xaf,0xe5,0xbe,0x84,0x22,0xa,
  0x20,0x20,0x20,0x20,0x20,0x20,0x20,0x20,0x63,0x6f,0x6c,0x6f,0x72,0x3a,0x20,0x70,
  0x61,0x6c,0x65,0x74,0x74,0x65,0x2e,0x74,0x65,0x78,0x74,0xa,0x20,0x20,0x20,0x20,
  0x7d,0xa,0xa,0x20,0x20,0x20,0x20,0x52,0x6f,0x77,0x20,0x7b,0xa,0x20,0x20,0x20,
  0x20,0x20,0x20,0x20,0x20,0x73,0x70,0x61,0x63,0x69,0x6e,0x67,0x3a,0x20,0x53,0x74,
  0x79,0x6c,0x65,0x2e,0x69,0x6e,0x74,0x72,0x61,0x53,0x70,0x61,0x63,0x69,0x6e,0x67,
  0xa,0xa,0x20,0x20,0x20,0x20,0x20,0x20,0x20,0x20,0x49,0x74,0x65,0x6d,0x20,0x7b,
  0xa,0x20,0x20,0x20,0x20,0x20,0x20,0x20,0x20,0x20,0x20,0x20,0x20,0x77,0x69,0x64,
  0x74,0x68,0x3a,0x20,0x53,0x74,0x79,0x6c,0x65,0x2e,0x77,0x69,0x64,0x74,0x68,0x4c,
  0x6f,0x6e,0x67,0xa,0x20,0x20,0x20,0x20,0x20,0x20,0x20,0x20,0x20,0x20,0x20,0x20,
  0x68,0x65,0x69,0x67,0x68,0x74,0x3a,0x20,0x53,0x74,0x79,0x6c,0x65,0x2e,0x68,0x65,
  0x69,0x67,0x68,0x74,0xa,0x20,0x20,0x20,0x20,0x20,0x20,0x20,0x20,0x20,0x20,0x20,
  0x20,0x53,0x74,0x79,0x6c,0x65,0x52,0x65,0x63,0x74,0x61,0x6e,0x67,0x6c,0x65,0x20,
  0x7b,0x20,0x61,0x6e,0x63,0x68,0x6f,0x72,0x73,0x2e,0x66,0x69,0x6c,0x6c,0x3a,0x20,
  0x70,0x61,0x72,0x65,0x6e,0x74,0x20,0x7d,0xa,0x20,0x20,0x20,0x20,0x20,0x20,0x20,
  0x20,0x20,0x20,0x20,0x20,0x54,0x65,0x78,0x74,0x49,0x6e,0x70,0x75,0x74,0x20,0x7b,
  0xa,0x20,0x20,0x20,0x20,0x20,0x20,0x20,0x20,0x20,0x20,0x20,0x20,0x20,0x20,0x20,
  0x20,0x69,0x64,0x3a,0x20,0x70,0x61,0x74,0x68,0x49,0x6e,0x70,0x75,0x74,0xa,0x20,
  0x20,0x20,0x20,0x20,0x20,0x20,0x20,0x20,0x20,0x20,0x20,0x20,0x20,0x20,0x20,0x61,
  0x6e,0x63,0x68,0x6f,0x72,0x73,0x2e,0x66,0x69,0x6c,0x6c,0x3a,0x20,0x70,0x61,0x72,
  0x65,0x6e,0x74,0xa,0x20,0x20,0x20,0x20,0x20,0x20,0x20,0x20,0x20,0x20,0x20,0x20,
  0x20,0x20,0x20,0x20,0x61,0x6e,0x63,0x68,0x6f,0x72,0x73,0x2e,0x6d,0x61,0x72,0x67,
  0x69,0x6e,0x73,0x3a,0x20,0x34,0xa,0x20,0x20,0x20,0x20,0x20,0x20,0x20,0x20,0x20,
  0x20,0x20,0x20,0x20,0x20,0x20,0x20,0x61,0x6e,0x63,0x68,0x6f,0x72,0x73,0x2e,0x62,
  0x6f,0x74,0x74,0x6f,0x6d,0x3a,0x20,0x70,0x61,0x72,0x65,0x6e,0x74,0x2e,0x62,0x6f,
  0x74,0x74,0x6f,0x6d,0xa,0x20,0x20,0x20,0x20,0x20,0x20,0x20,0x20,0x20,0x20,0x20,
  0x20,0x20,0x20,0x20,0x20,0x66,0x6f,0x6e,0x74,0x2e,0x70,0x6f,0x69,0x6e,0x74,0x53,
  0x69,0x7a,0x65,0x3a,0x20,0x53,0x74,0x79,0x6c,0x65,0x2e,0x66,0x6f,0x6e,0x74,0x53,
  0x69,0x7a,0x65,0xa,0x20,0x20,0x20,0x20,0x20,0x20,0x20,0x20,0x20,0x20,0x20,0x20,
  0x20,0x20,0x20,0x20,0x63,0x6c,0x69,0x70,0x3a,0x20,0x74,0x72,0x75,0x65,0xa,0x20,
  0x20,0x20,0x20,0x20,0x20,0x20,0x20,0x20,0x20,0x20,0x20,0x20,0x20,0x20,0x20,0x74,
  0x65,0x78,0x74,0x3a,0x20,0x61,0x70,0x70,0x53,0x65,0x74,0x74,0x69,0x6e,0x67,0x73,
  0x2e,0x73,0x61,0x76,0x65,0x50,0x61,0x74,0x68,0xa,0x20,0x20,0x20,0x20,0x20,0x20,
  0x20,0x20,0x20,0x20,0x20,0x20,0x20,0x20,0x20,0x20,0x72,0x65,0x61,0x64,0x4f,0x6e,
  0x6c,0x79,0x3a,0x20,0x74,0x72,0x75,0x65,0xa,0x20,0x20,0x20,0x20,0x20,0x20,0x20,
  0x20,0x20,0x20,0x20,0x20,0x20,0x20,0x20,0x20,0x63,0x6f,0x6c,0x6f,0x72,0x3a,0x20,
  0x70,0x61,0x6c,0x65,0x74,0x74,0x65,0x2e,0x74,0x65,0x78,0x74,0xa,0x20,0x20,0x20,
  0x20,0x20,0x20,0x20,0x20,0x20,0x20,0x20,0x20,0x7d,0xa,0x20,0x20,0x20,0x20,0x20,
  0x20,0x20,0x20,0x7d,0xa,0xa,0x20,0x20,0x20,0x20,0x20,0x20,0x20,0x20,0x42,0x75,
  0x74,0x74,0x6f,0x6e,0x20,0x7b,0xa,0x20,0x20,0x20,0x20,0x20,0x20,0x20,0x20,0x20,
  0x20,0x20,0x20,0x77,0x69,0x64,0x74,0x68,0x3a,0x20,0x53,0x74,0x79,0x6c,0x65,0x2e,
  0x77,0x69,0x64,0x74,0x68,0x4d,0x65,0x64,0x69,0x75,0x6d,0xa,0x20,0x20,0x20,0x20,
  0x20,0x20,0x20,0x20,0x20,0x20,0x20,0x20,0x68,0x65,0x69,0x67,0x68,0x74,0x3a,0x20,
  0x53,0x74,0x79,0x6c,0x65,0x2e,0x68,0x65,0x69,0x67,0x68,0x74,0xa,0x20,0x20,0x20,
  0x20,0x20,0x20,0x20,0x20,0x20,0x20,0x20,0x20,0x74,0x65,0x78,0x74,0x3a,0x20,0x22,
  0xe6,0xb5,0x8f,0xe8,0xa7,0x88,0x2e,0x2e,0x2e,0x22,0xa,0x20,0x20,0x20,0x20,0x20,
  0x20,0x20,0x20,0x20,0x20,0x20,0x20,0x66,0x6f,0x6e,0x74,0x2e,0x70,0x6f,0x69,0x6e,
  0x74,0x53,0x69,0x7a,0x65,0x3a,0x20,0x53,0x74,0x79,0x6c,0x65,0x2e,0x66,0x6f,0x6e,
  0x74,0x53,0x69,0x7a,0x65,0xa,0x20,0x20,0x20,0x20,0x20,0x20,0x20,0x20,0x20,0x20,
  0x20,0x20,0x62,0x61,0x63,0x6b,0x67,0x72,0x6f,0x75,0x6e,0x64,0x3a,0x20,0x53,0x74,
  0x79,0x6c,0x65,0x52,0x65,0x63,0x74,0x61,0x6e,0x67,0x6c,0x65,0x20,0x7b,0x20,0x61,
  0x6e,0x63,0x68,0x6f,0x72,0x73,0x2e,0x66,0x69,0x6c,0x6c,0x3a,0x20,0x70,0x61,0x72,
  0x65,0x6e,0x74,0x20,0x7d,0xa,0x20,0x20,0x20,0x20,0x20,0x20,0x20,0x20,0x20,0x20,
  0x20,0x20,0x6f,0x6e,0x43,0x6c,0x69,0x63,0x6b,0x65,0x64,0x3a,0x20,0x66,0x6f,0x6c,
  0x64,0x65,0x72,0x44,0x69,0x61,0x6c,0x6f,0x67,0x2e,0x6f,0x70,0x65,0x6e,0x28,0x29,
  0xa,0x20,0x20,0x20,0x20,0x20,0x20,0x20,0x20,0x7d,0xa,0x20,0x20,0x20,0x20,0x7d,
  0xa,0xa,0x20,0x20,0x20,0x20,0x46,0x6f,0x6c,0x64,0x65,0x72,0x44,0x69,0x61,0x6c,
  0x6f,0x67,0x20,0x7b,0xa,0x20,0x20,0x20,0x20,0x20,0x20,0x20,0x20,0x69,0x64,0x3a,
  0x20,0x66,0x6f,0x6c,0x64,0x65,0x72,0x44,0x69,0x61,0x6c,0x6f,0x67,0xa,0x20,0x20,
  0x20,0x20,0x20,0x20,0x20,0x20,0x74,0x69,0x74,0x6c,0x65,0x3a,0x20,0x22,0xe9,0x80,
  0x89,0xe6,0x8b,0xa9,0xe4,0xbf,0x9d,0xe5,0xad,0x98,0xe6,0x96,0x87,0xe4,0xbb,0xb6,
  0xe5,0xa4,0xb9,0x22,0xa,0x20,0x20,0x20,0x20,0x20,0x20,0x20,0x20,0x63,0x75,0x72,
  0x72,0x65,0x6e,0x74,0x46,0x6f,0x6c,0x64,0x65,0x72,0x3a,0x20,0x61,0x70,0x70,0x53,
  0x65,0x74,0x74,0x69,0x6e,0x67,0x73,0x2e,0x73,0x61,0x76,0x65,0x50,0x61,0x74,0x68,
  0xa,0x20,0x20,0x20,0x20,0x20,0x20,0x20,0x20,0x6f,0x6e,0x41,0x63,0x63,0x65,0x70,
  0x74,0x65,0x64,0x3a,0x20,0x7b,0xa,0x20,0x20,0x20,0x20,0x20,0x20,0x20,0x20,0x20,
  0x20,0x20,0x20,0x61,0x70,0x70,0x53,0x65,0x74,0x74,0x69,0x6e,0x67,0x73,0x2e,0x73,
  0x61,0x76,0x65,0x50,0x61,0x74,0x68,0x20,0x3d,0x20,0x73,0x65,0x6c,0x65,0x63,0x74,
  0x65,0x64,0x46,0x6f,0x6c,0x64,0x65,0x72,0xa,0x20,0x20,0x20,0x20,0x20,0x20,0x20,
  0x20,0x20,0x20,0x20,0x20,0x72,0x65,0x63,0x6f,0x72,0x64,0x65,0x72,0x2e,0x6f,0x75,
  0x74,0x70,0x75,0x74,0x4c,0x6f,0x63,0x61,0x74,0x69,0x6f,0x6e,0x20,0x3d,0x20,0x73,
  0x65,0x6c,0x65,0x63,0x74,0x65,0x64,0x46,0x6f,0x6c,0x64,0x65,0x72,0xa,0x20,0x20,
  0x20,0x20,0x20,0x20,0x20,0x20,0x7d,0xa,0x20,0x20,0x20,0x20,0x7d,0xa,0x7d,0xa,
  
    // AudioInputSelect.qml
  0x0,0x0,0x6,0x6b,
  0x2f,
  0x2f,0x20,0x43,0x6f,0x70,0x79,0x72,0x69,0x67,0x68,0x74,0x20,0x28,0x43,0x29,0x20,
  0x32,0x30,0x32,0x31,0x20,0x54,0x68,0x65,0x20,0x51,0x74,0x20,0x43,0x6f,0x6d,0x70,
  0x61,0x6e,0x79,0x20,0x4c,0x74,0x64,0x2e,0xd,0xa,0x2f,0x2f,0x20,0x53,0x50,0x44,
  0x58,0x2d,0x4c,0x69,0x63,0x65,0x6e,0x73,0x65,0x2d,0x49,0x64,0x65,0x6e,0x74,0x69,
  0x66,0x69,0x65,0x72,0x3a,0x20,0x4c,0x69,0x63,0x65,0x6e,0x73,0x65,0x52,0x65,0x66,
  0x2d,0x51,0x74,0x2d,0x43,0x6f,0x6d,0x6d,0x65,0x72,0x63,0x69,0x61,0x6c,0x20,0x4f,
  0x52,0x20,0x42,0x53,0x44,0x2d,0x33,0x2d,0x43,0x6c,0x61,0x75,0x73,0x65,0xd,0xa,
  0xd,0xa,0x69,0x6d,0x70,0x6f,0x72,0x74,0x20,0x51,0x74,0x51,0x75,0x69,0x63,0x6b,
  0xd,0xa,0x69,0x6d,0x70,0x6f,0x72,0x74,0x20,0x51,0x74,0x51,0x75,0x69,0x63,0x6b,
  0x2e,0x43,0x6f,0x6e,0x74,0x72,0x6f,0x6c,0x73,0xd,0xa,0x69,0x6d,0x70,0x6f,0x72,
  0x74,0x20,0x51,0x74,0x4d,0x75,0x6c,0x74,0x69,0x6d,0x65,0x64,0x69,0x61,0xd,0xa,
  0xd,0xa,0x52,0x6f,0x77,0x20,0x7b,0xd,0xa,0x20,0x20,0x20,0x20,0x69,0x64,0x3a,
  0x20,0x72,0x6f,0x6f,0x74,0xd,0xa,0x20,0x20,0x20,0x20,0x68,0x65,0x69,0x67,0x68,
  0x74,0x3a,0x20,0x53,0x74,0x79,0x6c,0x65,0x2e,0x68,0x65,0x69,0x67,0x68,0x74,0xd,
  0xa,0x20,0x20,0x20,0x20,0x70,0x72,0x6f,0x70,0x65,0x72,0x74,0x79,0x20,0x41,0x75,
  0x64,0x69,0x6f,0x49,0x6e,0x70,0x75,0x74,0x20,0x73,0x65,0x6c,0x65,0x63,0x74,0x65,
  0x64,0x3a,0x20,0x61,0x76,0x61,0x69,0x6c,0x61,0x62,0x6c,0x65,0x20,0x3f,0x20,0x61,
  0x75,0x64,0x69,0x6f,0x49,0x6e,0x70,0x75,0x74,0x20,0x3a,0x20,0x6e,0x75,0x6c,0x6c,
  0xd,0xa,0x20,0x20,0x20,0x20,0x70,0x72,0x6f,0x70,0x65,0x72,0x74,0x79,0x20,0x62,
  0x6f,0x6f,0x6c,0x20,0x61,0x76,0x61,0x69,0x6c,0x61,0x62,0x6c,0x65,0x3a,0x20,0x28,
  0x74,0x79,0x70,0x65,0x6f,0x66,0x20,0x63,0x6f,0x6d,0x62,0x6f,0x42,0x6f,0x78,0x2e,
  0x63,0x75,0x72,0x72,0x65,0x6e,0x74,0x56,0x61,0x6c,0x75,0x65,0x20,0x21,0x3d,0x3d,
  0x20,0x27,0x75,0x6e,0x64,0x65,0x66,0x69,0x6e,0x65,0x64,0x27,0x29,0x20,0x26,0x26,
  0x20,0x61,0x75,0x64,0x69,0x6f,0x53,0x77,0x69,0x74,0x63,0x68,0x2e,0x63,0x68,0x65,
  0x63,0x6b,0x65,0x64,0xd,0xa,0xd,0xa,0x20,0x20,0x20,0x20,0x43,0x6f,0x6d,0x70,
  0x6f,0x6e,0x65,0x6e,0x74,0x2e,0x6f,0x6e,0x43,0x6f,0x6d,0x70,0x6c,0x65,0x74,0x65,
  0x64,0x3a,0x20,0x7b,0xd,0xa,0x20,0x20,0x20,0x20,0x20,0x20,0x20,0x20,0x61,0x75,
  0x64,0x69,0x6f,0x49,0x6e,0x70,0x75,0x74,0x4d,0x6f,0x64,0x65,0x6c,0x2e,0x70,0x6f,
  0x70,0x75,0x6c,0x61,0x74,0x65,0x28,0x29,0xd,0xa,0x20,0x20,0x20,0x20,0x20,0x20,
  0x20,0x20,0x63,0x6f,0x6d,0x62,0x6f,0x42,0x6f,0x78,0x2e,0x63,0x75,0x72,0x72,0x65,
  0x6e,0x74,0x49,0x6e,0x64,0x65,0x78,0x20,0x3d,0x20,0x30,0xd,0xa,0x20,0x20,0x20,
  0x20,0x7d,0xd,0xa,0xd,0xa,0x20,0x20,0x20,0x20,0x4d,0x65,0x64,0x69,0x61,0x44,
  0x65,0x76,0x69,0x63,0x65,0x73,0x20,0x7b,0x20,0x69,0x64,0x3a,0x20,0x6d,0x65,0x64,
  0x69,0x61,0x44,0x65,0x76,0x69,0x63,0x65,0x73,0x20,0x7d,0xd,0xa,0xd,0xa,0x20,
  0x20,0x20,0x20,0x41,0x75,0x64,0x69,0x6f,0x49,0x6e,0x70,0x75,0x74,0x20,0x7b,0x20,
  0x69,0x64,0x3a,0x20,0x61,0x75,0x64,0x69,0x6f,0x49,0x6e,0x70,0x75,0x74,0x3b,0x20,
  0x6d,0x75,0x74,0x65,0x64,0x3a,0x20,0x21,0x61,0x75,0x64,0x69,0x6f,0x53,0x77,0x69,
  0x74,0x63,0x68,0x2e,0x63,0x68,0x65,0x63,0x6b,0x65,0x64,0x20,0x7d,0xd,0xa,0xd,
  0xa,0x20,0x20,0x20,0x20,0x53,0x77,0x69,0x74,0x63,0x68,0x20,0x7b,0xd,0xa,0x20,
  0x20,0x20,0x20,0x20,0x20,0x20,0x20,0x69,0x64,0x3a,0x20,0x61,0x75,0x64,0x69,0x6f,
  0x53,0x77,0x69,0x74,0x63,0x68,0x3b,0xd,0xa,0x20,0x20,0x20,0x20,0x20,0x20,0x20,
  0x20,0x68,0x65,0x69,0x67,0x68,0x74,0x3a,0x20,0x53,0x74,0x79,0x6c,0x65,0x2e,0x68,
  0x65,0x69,0x67,0x68,0x74,0x3b,0xd,0xa,0x20,0x20,0x20,0x20,0x20,0x20,0x20,0x20,
  0x63,0x68,0x65,0x63,0x6b,0x65,0x64,0x3a,0x20,0x74,0x72,0x75,0x65,0xd,0xa,0x20,
  0x20,0x20,0x20,0x7d,0xd,0xa,0xd,0xa,0x20,0x20,0x20,0x20,0x4c,0x69,0x73,0x74,
  0x4d,0x6f,0x64,0x65,0x6c,0x20,0x7b,0xd,0xa,0x20,0x20,0x20,0x20,0x20,0x20,0x20,
  0x20,0x69,0x64,0x3a,0x20,0x61,0x75,0x64,0x69,0x6f,0x49,0x6e,0x70,0x75,0x74,0x4d,
  0x6f,0x64,0x65,0x6c,0xd,0xa,0x20,0x20,0x20,0x20,0x20,0x20,0x20,0x20,0x70,0x72,
  0x6f,0x70,0x65,0x72,0x74,0x79,0x20,0x76,0x61,0x72,0x20,0x61,0x75,0x64,0x69,0x6f,
  0x49,0x6e,0x70,0x75,0x74,0x73,0x3a,0x20,0x6d,0x65,0x64,0x69,0x61,0x44,0x65,0x76,
  0x69,0x63,0x65,0x73,0x2e,0x61,0x75,0x64,0x69,0x6f,0x49,0x6e,0x70,0x75,0x74,0x73,
  0xd,0xa,0xd,0xa,0x20,0x20,0x20,0x20,0x20,0x20,0x20,0x20,0x66,0x75,0x6e,0x63,
  0x74,0x69,0x6f,0x6e,0x20,0x70,0x6f,0x70,0x75,0x6c,0x61,0x74,0x65,0x28,0x29,0x20,
  0x7b,0xd,0xa,0x20,0x20,0x20,0x20,0x20,0x20,0x20,0x20,0x20,0x20,0x20,0x20,0x61,
  0x75,0x64,0x69,0x6f,0x49,0x6e,0x70,0x75,0x74,0x4d,0x6f,0x64,0x65,0x6c,0x2e,0x63,
  0x6c,0x65,0x61,0x72,0x28,0x29,0xd,0xa,0xd,0xa,0x20,0x20,0x20,0x20,0x20,0x20,
  0x20,0x20,0x20,0x20,0x20,0x20,0x66,0x6f,0x72,0x20,0x28,0x76,0x61,0x72,0x20,0x61,
  0x75,0x64,0x69,0x6f,0x44,0x65,0x76,0x69,0x63,0x65,0x20,0x6f,0x66,0x20,0x61,0x75,
  0x64,0x69,0x6f,0x49,0x6e,0x70,0x75,0x74,0x73,0x29,0xd,0xa,0x20,0x20,0x20,0x20,
  0x20,0x20,0x20,0x20,0x20,0x20,0x20,0x20,0x20,0x20,0x20,0x20,0x61,0x75,0x64,0x69,
  0x6f,0x49,0x6e,0x70,0x75,0x74,0x4d,0x6f,0x64,0x65,0x6c,0x2e,0x61,0x70,0x70,0x65,
  0x6e,0x64,0x28,0x7b,0x20,0x74,0x65,0x78,0x74,0x3a,0x20,0x61,0x75,0x64,0x69,0x6f,
  0x44,0x65,0x76,0x69,0x63,0x65,0x2e,0x64,0x65,0x73,0x63,0x72,0x69,0x70,0x74,0x69,
  0x6f,0x6e,0x2c,0x20,0x76,0x61,0x6c,0x75,0x65,0x3a,0xd,0xa,0x20,0x20,0x20,0x20,
  0x20,0x20,0x20,0x20,0x20,0x20,0x20,0x20,0x20,0x20,0x20,0x20,0x20,0x20,0x20,0x20,
  0x20,0x20,0x20,0x20,0x20,0x20,0x20,0x20,0x20,0x20,0x20,0x20,0x20,0x20,0x20,0x20,
  0x20,0x20,0x20,0x20,0x7b,0x20,0x74,0x79,0x70,0x65,0x3a,0x20,0x27,0x61,0x75,0x64,
  0x69,0x6f,0x44,0x65,0x76,0x69,0x63,0x65,0x27,0x2c,0x20,0x61,0x75,0x64,0x69,0x6f,
  0x44,0x65,0x76,0x69,0x63,0x65,0x3a,0x20,0x61,0x75,0x64,0x69,0x6f,0x44,0x65,0x76,
  0x69,0x63,0x65,0x20,0x7d,0x20,0x7d,0x29,0xd,0xa,0x20,0x20,0x20,0x20,0x20,0x20,
  0x20,0x20,0x7d,0xd,0xa,0x20,0x20,0x20,0x20,0x7d,0xd,0xa,0x20,0x20,0x20,0x20,
  0x43,0x6f,0x6d,0x62,0x6f,0x42,0x6f,0x78,0x20,0x7b,0xd,0xa,0x20,0x20,0x20,0x20,
  0x20,0x20,0x20,0x20,0x69,0x64,0x3a,0x20,0x63,0x6f,0x6d,0x62,0x6f,0x42,0x6f,0x78,
  0xd,0xa,0x20,0x20,0x20,0x20,0x20,0x20,0x20,0x20,0x77,0x69,0x64,0x74,0x68,0x3a,
  0x20,0x53,0x74,0x79,0x6c,0x65,0x2e,0x77,0x69,0x64,0x74,0x68,0x4c,0x6f,0x6e,0x67,
  0xd,0xa,0x20,0x20,0x20,0x20,0x20,0x20,0x20,0x20,0x68,0x65,0x69,0x67,0x68,0x74,
  0x3a,0x20,0x53,0x74,0x79,0x6c,0x65,0x2e,0x68,0x65,0x69,0x67,0x68,0x74,0xd,0xa,
  0x20,0x20,0x20,0x20,0x20,0x20,0x20,0x20,0x62,0x61,0x63,0x6b,0x67,0x72,0x6f,0x75,
  0x6e,0x64,0x3a,0x20,0x53,0x74,0x79,0x6c,0x65,0x52,0x65,0x63,0x74,0x61,0x6e,0x67,
  0x6c,0x65,0x20,0x7b,0x20,0x61,0x6e,0x63,0x68,0x6f,0x72,0x73,0x2e,0x66,0x69,0x6c,
  0x6c,0x3a,0x20,0x70,0x61,0x72,0x65,0x6e,0x74,0x20,0x7d,0xd,0xa,0x20,0x20,0x20,
  0x20,0x20,0x20,0x20,0x20,0x6d,0x6f,0x64,0x65,0x6c,0x3a,0x20,0x61,0x75,0x64,0x69,
  0x6f,0x49,0x6e,0x70,0x75,0x74,0x4d,0x6f,0x64,0x65,0x6c,0xd,0xa,0x20,0x20,0x20,
  0x20,0x20,0x20,0x20,0x20,0x74,0x65,0x78,0x74,0x52,0x6f,0x6c,0x65,0x3a,0x20,0x22,
  0x74,0x65,0x78,0x74,0x22,0xd,0xa,0x20,0x20,0x20,0x20,0x20,0x20,0x20,0x20,0x66,
  0x6f,0x6e,0x74,0x2e,0x70,0x6f,0x69,0x6e,0x74,0x53,0x69,0x7a,0x65,0x3a,0x20,0x53,
  0x74,0x79,0x6c,0x65,0x2e,0x66,0x6f,0x6e,0x74,0x53,0x69,0x7a,0x65,0xd,0xa,0x20,
  0x20,0x20,0x20,0x20,0x20,0x20,0x20,0x64,0x69,0x73,0x70,0x6c,0x61,0x79,0x54,0x65,
  0x78,0x74,0x3a,0x20,0x74,0x79,0x70,0x65,0x6f,0x66,0x20,0x63,0x75,0x72,0x72,0x65,
  0x6e,0x74,0x56,0x61,0x6c,0x75,0x65,0x20,0x3d,0x3d,0x3d,0x20,0x27,0x75,0x6e,0x64,
  0x65,0x66,0x69,0x6e,0x65,0x64,0x27,0x20,0x3f,0x20,0x22,0xe4,0xb8,0x8d,0xe5,0x8f,
  0xaf,0xe7,0x94,0xa8,0x22,0x20,0x3a,0x20,0x63,0x75,0x72,0x72,0x65,0x6e,0x74,0x54,
  0x65,0x78,0x74,0xd,0xa,0x20,0x20,0x20,0x20,0x20,0x20,0x20,0x20,0x76,0x61,0x6c,
  0x75,0x65,0x52,0x6f,0x6c,0x65,0x3a,0x20,0x22,0x76,0x61,0x6c,0x75,0x65,0x22,0xd,
  0xa,0x20,0x20,0x20,0x20,0x20,0x20,0x20,0x20,0x6f,0x6e,0x43,0x75,0x72,0x72,0x65,
  0x6e,0x74,0x56,0x61,0x6c,0x75,0x65,0x43,0x68,0x61,0x6e,0x67,0x65,0x64,0x3a,0x20,
  0x69,0x66,0x20,0x28,0x74,0x79,0x70,0x65,0x6f,0x66,0x20,0x63,0x6f,0x6d,0x62,0x6f,
  0x42,0x6f,0x78,0x2e,0x63,0x75,0x72,0x72,0x65,0x6e,0x74,0x56,0x61,0x6c,0x75,0x65,
  0x20,0x21,0x3d,0x3d,0x20,0x27,0x75,0x6e,0x64,0x65,0x66,0x69,0x6e,0x65,0x64,0x27,
  0x29,0x20,0x61,0x75,0x64,0x69,0x6f,0x49,0x6e,0x70,0x75,0x74,0x2e,0x64,0x65,0x76,
  0x69,0x63,0x65,0x20,0x3d,0x20,0x63,0x75,0x72,0x72,0x65,0x6e,0x74,0x56,0x61,0x6c,
  0x75,0x65,0x2e,0x61,0x75,0x64,0x69,0x6f,0x44,0x65,0x76,0x69,0x63,0x65,0xd,0xa,
  0x20,0x20,0x20,0x20,0x7d,0xd,0xa,0x7d,0xd,0xa,
    // SettingsEncoder.qml
  0x0,0x0,0x3,0x81,
  0x0,
  0x0,0xe,0x3e,0x78,0xda,0xcd,0x56,0x4d,0x4f,0xdb,0x30,0x18,0xbe,0x23,0xf5,0x3f,
  0x58,0x39,0xb5,0xda,0x9a,0xe,0x76,0xeb,0xc4,0x24,0x56,0x40,0x43,0x2a,0x8c,0x52,
  0x86,0x76,0x35,0xc9,0xdb,0x62,0xcd,0xb1,0x83,0xe3,0x74,0x54,0xa8,0x7,0x2e,0xe3,
  0xb6,0x69,0x17,0xb4,0x5d,0x18,0xda,0xe,0x43,0x9a,0xc6,0x65,0xd3,0x84,0x34,0xd8,
  0xaf,0x81,0x42,0xff,0xc5,0xec,0x7e,0x25,0x4d,0x9b,0xb6,0x41,0x1c,0x16,0xe5,0x90,
  0xd8,0xaf,0x9f,0xf7,0xeb,0x79,0x6c,0xe7,0x72,0xa8,0xc0,0xdd,0xba,0x20,0xd5,0x1d,
  0x89,0xd2,0x85,0xc,0x9a,0x7b,0x34,0x37,0x8b,0x36,0x77,0x0,0x95,0xa4,0x9a,0x71,
  0x5c,0xcc,0xea,0xa8,0x28,0x6d,0x33,0x35,0x93,0xcb,0xa1,0xf2,0xfa,0xe2,0xab,0x6c,
  0x91,0x58,0xc0,0x3c,0xc8,0xae,0xd8,0xc0,0x24,0xa9,0x10,0x10,0x79,0xd4,0x1d,0xdb,
  0x80,0x4a,0xb6,0x24,0xb3,0x6a,0x9d,0x3,0xc2,0x22,0x98,0xa2,0x17,0x1b,0xe8,0x59,
  0x79,0x31,0xfb,0x38,0x5b,0xa0,0xd8,0xf7,0x20,0x35,0x93,0x9a,0x21,0x8e,0xcb,0x85,
  0x54,0xf8,0x25,0x9f,0x58,0xaf,0xa3,0xff,0x66,0x11,0xd7,0xb9,0x2f,0xbd,0xa1,0xf1,
  0x2,0x67,0x52,0x70,0x1a,0x9e,0x58,0xf5,0xa9,0x24,0xe,0xd8,0x4,0x6b,0xdc,0x2,
  0xa7,0xbe,0xc3,0xd0,0x7e,0x6a,0x6,0xa9,0x87,0xd8,0x79,0x24,0x38,0x97,0x9d,0x3f,
  0xcf,0xc5,0x16,0x61,0xd5,0x3c,0x2a,0xcb,0x3a,0x5,0x93,0x28,0x28,0x5c,0xee,0x8c,
  0x75,0xc,0x74,0xaa,0x9c,0xa9,0x84,0x4c,0xce,0xf4,0x37,0x5,0x9,0x5d,0x4,0xd3,
  0xe5,0xae,0x4f,0xb1,0x84,0x55,0x6e,0x3,0xf5,0xd2,0x19,0xed,0x4c,0xaf,0x11,0xb0,
  0xeb,0x13,0x1,0x36,0x72,0x5,0x77,0x41,0xc8,0x3a,0x5a,0xd5,0xb1,0x6c,0x80,0xc5,
  0x85,0xd,0x42,0xcd,0x77,0x3e,0x7a,0xf6,0x15,0x9f,0x59,0x92,0x70,0x86,0xa2,0x80,
  0xbd,0x98,0xf5,0x83,0x7d,0x9b,0xf0,0x82,0x9a,0xb0,0xda,0xb3,0x7d,0xe7,0xda,0x6d,
  0xcf,0xa6,0x46,0x6c,0x98,0x64,0x53,0x21,0x14,0x96,0xb9,0x70,0xb0,0x1c,0x6d,0xd3,
  0xe8,0x45,0xa5,0xea,0xca,0xa0,0x1d,0x97,0x17,0x8e,0x43,0x62,0x51,0x5,0x99,0xf,
  0x25,0xd1,0x47,0xee,0xa5,0xc1,0x59,0x3b,0xdf,0x8e,0x97,0xc2,0xe,0x66,0x55,0xb0,
  0x75,0x32,0xa3,0xab,0xa6,0x3d,0xe,0x38,0xde,0x84,0x3d,0x39,0xe0,0x51,0xfd,0xe7,
  0x91,0x71,0x73,0x71,0x74,0x73,0x72,0x70,0xfd,0xe9,0xf4,0xf6,0xec,0xef,0xcd,0xe5,
  0x99,0x11,0x18,0x58,0x9c,0x72,0xc5,0x35,0x17,0xab,0xe6,0x48,0x30,0xb5,0x7d,0x4,
  0xb2,0xdd,0xdd,0x75,0x2c,0xb0,0xa3,0xda,0x27,0xc2,0xe0,0x14,0x6f,0x3,0x55,0xe8,
  0xb7,0xbf,0x4e,0x5b,0x87,0xef,0x43,0xa0,0x8e,0xe,0x4f,0x13,0xd8,0xeb,0x14,0x2a,
  0xbc,0x48,0x3f,0x7a,0x62,0x89,0x82,0xa3,0xa8,0xa1,0x32,0xeb,0xc6,0xd8,0x3c,0x3e,
  0xb8,0xba,0x7c,0x67,0x3c,0x41,0x35,0x4c,0x7d,0xc8,0xf,0xf6,0xdd,0xdc,0x2,0x51,
  0x2f,0xf2,0x37,0x25,0x1f,0x53,0xa2,0x48,0xd1,0x98,0x2,0x70,0xc,0x5a,0x42,0xa4,
  0xe6,0x8f,0xaf,0xd7,0xe7,0xe7,0x71,0x60,0x6b,0xba,0x57,0x34,0x9,0x5e,0xeb,0xfb,
  0xc7,0x38,0xb0,0xe7,0x6a,0xd3,0x48,0x14,0xda,0xf1,0xc1,0x18,0x34,0x5d,0xb5,0x18,
  0xc4,0xd0,0x27,0x67,0xb,0x8a,0x7c,0x35,0xdc,0x56,0x67,0xba,0x96,0x41,0xf3,0x4f,
  0x35,0xe1,0x7a,0x20,0xbb,0xdd,0xc5,0xf3,0xa8,0x36,0xc4,0xb7,0x78,0x72,0xe8,0xbd,
  0x22,0xd0,0x5d,0x19,0xa8,0xd2,0xc3,0x30,0x75,0x5a,0x9f,0x7f,0xb6,0xbe,0x7c,0xe8,
  0xd0,0x73,0x98,0x40,0x11,0xdd,0x4e,0x1d,0xb1,0x13,0x48,0xc8,0xc,0x30,0x7a,0x9,
  0x4,0x30,0xb1,0x4,0x1d,0xc,0x3e,0xe2,0x7c,0xe4,0xb6,0x33,0xb8,0xe1,0xc4,0x6d,
  0x3c,0x16,0x5,0x2c,0xc2,0x3b,0x4a,0x9c,0x21,0x76,0x5d,0x60,0x76,0x7a,0xdf,0xd0,
  0x6d,0x36,0x54,0xa1,0x5e,0x32,0xcf,0x5,0x8b,0x54,0xc0,0x36,0x1e,0x22,0xa3,0xdd,
  0x6c,0xa3,0xdb,0xed,0x6e,0xa2,0xb,0x7d,0x8,0xb3,0x67,0x4c,0xc0,0x6e,0x8c,0x70,
  0x56,0xc3,0x2,0x59,0x9e,0x2a,0xc7,0xc8,0x82,0x79,0xbe,0xab,0x8f,0x2,0xb0,0x3,
  0x40,0x2f,0x1d,0x76,0xb4,0xc4,0x2c,0x35,0x38,0x2,0xb7,0xc2,0x85,0x6a,0x86,0x6,
  0x47,0xbc,0xa2,0x3c,0x8c,0x30,0x99,0x26,0xd7,0x9,0x6d,0x5c,0x53,0x5c,0x4b,0x5b,
  0x99,0x50,0x15,0xac,0xc6,0xd8,0x8a,0x76,0xb8,0x67,0x5a,0xbe,0x10,0x4a,0x3a,0x2b,
  0xcc,0x86,0x3d,0x95,0xbb,0xe5,0xa9,0x13,0x4b,0x7d,0xbe,0xa8,0xa4,0x27,0x38,0xcc,
  0xa0,0x7,0x68,0x76,0xd0,0xc1,0xb0,0x8e,0x1a,0x43,0x7,0xd2,0xb6,0x4f,0xa8,0xdd,
  0xce,0x50,0x73,0x63,0x4a,0xc5,0x4,0xa7,0x50,0x9c,0x62,0x6e,0xbf,0xbd,0x1d,0xa3,
  0x98,0xc8,0x29,0x76,0x27,0xc5,0x4,0x18,0x9,0x15,0x13,0xeb,0x3c,0x81,0x62,0xa2,
  0xc7,0x70,0xac,0x62,0xa2,0x86,0x77,0x50,0xcc,0x56,0x1f,0xe2,0x9e,0x14,0x13,0x0,
  0xde,0xaf,0x62,0x26,0xe5,0x3a,0xa1,0x8d,0x53,0x2a,0x26,0xca,0xbd,0xa4,0x8a,0x9,
  0xd6,0x27,0x53,0xcc,0x78,0x45,0x4,0x77,0xae,0x38,0x45,0x34,0x8f,0xe,0xaf,0xfe,
  0xfc,0x6e,0x9e,0x5c,0x5c,0x5f,0x8c,0xb8,0x84,0x44,0xee,0x6c,0x77,0x52,0x44,0x80,
  0x91,0x50,0x11,0xb1,0xce,0x13,0x28,0x22,0x7a,0xe9,0x8c,0x55,0x44,0xd4,0xf0,0x7f,
  0x38,0x43,0x96,0xfb,0x31,0xdd,0xaf,0x22,0x26,0xe5,0x3a,0xa1,0x8d,0x53,0x2a,0x22,
  0xca,0xbd,0xa4,0x8a,0x8,0xd6,0x4f,0xab,0x8,0xf5,0xfe,0x3,0x94,0x9,0x4f,0xf3,
  
  
};

static const unsigned char qt_resource_name[] = {
  // StyleRectangle.qml
  0x0,0x12,
  0xd,0xe5,0x1e,0x3c,
  0x0,0x53,
  0x0,0x74,0x0,0x79,0x0,0x6c,0x0,0x65,0x0,0x52,0x0,0x65,0x0,0x63,0x0,0x74,0x0,0x61,0x0,0x6e,0x0,0x67,0x0,0x6c,0x0,0x65,0x0,0x2e,0x0,0x71,0x0,0x6d,
  0x0,0x6c,
    // Playback.qml
  0x0,0xc,
  0xd,0x7b,0x4b,0x3c,
  0x0,0x50,
  0x0,0x6c,0x0,0x61,0x0,0x79,0x0,0x62,0x0,0x61,0x0,0x63,0x0,0x6b,0x0,0x2e,0x0,0x71,0x0,0x6d,0x0,0x6c,
    // MediaList.qml
  0x0,0xd,
  0x7,0xd2,0xbd,0x1c,
  0x0,0x4d,
  0x0,0x65,0x0,0x64,0x0,0x69,0x0,0x61,0x0,0x4c,0x0,0x69,0x0,0x73,0x0,0x74,0x0,0x2e,0x0,0x71,0x0,0x6d,0x0,0x6c,
    // Controls.qml
  0x0,0xc,
  0xf,0x7a,0xe3,0x1c,
  0x0,0x43,
  0x0,0x6f,0x0,0x6e,0x0,0x74,0x0,0x72,0x0,0x6f,0x0,0x6c,0x0,0x73,0x0,0x2e,0x0,0x71,0x0,0x6d,0x0,0x6c,
    // StyleSlider.qml
  0x0,0xf,
  0xa,0x91,0xfa,0xdc,
  0x0,0x53,
  0x0,0x74,0x0,0x79,0x0,0x6c,0x0,0x65,0x0,0x53,0x0,0x6c,0x0,0x69,0x0,0x64,0x0,0x65,0x0,0x72,0x0,0x2e,0x0,0x71,0x0,0x6d,0x0,0x6c,
    // main_no_permissions.qml
  0x0,0x17,
  0xe,0x9e,0x9f,0x3c,
  0x0,0x6d,
  0x0,0x61,0x0,0x69,0x0,0x6e,0x0,0x5f,0x0,0x6e,0x0,0x6f,0x0,0x5f,0x0,0x70,0x0,0x65,0x0,0x72,0x0,0x6d,0x0,0x69,0x0,0x73,0x0,0x73,0x0,0x69,0x0,0x6f,
  0x0,0x6e,0x0,0x73,0x0,0x2e,0x0,0x71,0x0,0x6d,0x0,0x6c,
    // StyleParameter.qml
  0x0,0x12,
  0x1,0x64,0x5d,0x1c,
  0x0,0x53,
  0x0,0x74,0x0,0x79,0x0,0x6c,0x0,0x65,0x0,0x50,0x0,0x61,0x0,0x72,0x0,0x61,0x0,0x6d,0x0,0x65,0x0,0x74,0x0,0x65,0x0,0x72,0x0,0x2e,0x0,0x71,0x0,0x6d,
  0x0,0x6c,
    // VideoSourceSelect.qml
  0x0,0x15,
  0x1,0x83,0x1c,0x9c,
  0x0,0x56,
  0x0,0x69,0x0,0x64,0x0,0x65,0x0,0x6f,0x0,0x53,0x0,0x6f,0x0,0x75,0x0,0x72,0x0,0x63,0x0,0x65,0x0,0x53,0x0,0x65,0x0,0x6c,0x0,0x65,0x0,0x63,0x0,0x74,
  0x0,0x2e,0x0,0x71,0x0,0x6d,0x0,0x6c,
    // SettingsMetaData.qml
  0x0,0x14,
  0xa,0x39,0x24,0xfc,
  0x0,0x53,
  0x0,0x65,0x0,0x74,0x0,0x74,0x0,0x69,0x0,0x6e,0x0,0x67,0x0,0x73,0x0,0x4d,0x0,0x65,0x0,0x74,0x0,0x61,0x0,0x44,0x0,0x61,0x0,0x74,0x0,0x61,0x0,0x2e,
  0x0,0x71,0x0,0x6d,0x0,0x6c,
    // qmldir
  0x0,0x6,
  0x7,0x84,0x2b,0x2,
  0x0,0x71,
  0x0,0x6d,0x0,0x6c,0x0,0x64,0x0,0x69,0x0,0x72,
    // RecordButton.qml
  0x0,0x10,
  0x6,0x66,0x43,0xdc,
  0x0,0x52,
  0x0,0x65,0x0,0x63,0x0,0x6f,0x0,0x72,0x0,0x64,0x0,0x42,0x0,0x75,0x0,0x74,0x0,0x74,0x0,0x6f,0x0,0x6e,0x0,0x2e,0x0,0x71,0x0,0x6d,0x0,0x6c,
    // main.qml
  0x0,0x8,
  0x8,0x1,0x5a,0x5c,
  0x0,0x6d,
  0x0,0x61,0x0,0x69,0x0,0x6e,0x0,0x2e,0x0,0x71,0x0,0x6d,0x0,0x6c,
    // Style.qml
  0x0,0x9,
  0x0,0x28,0xe5,0xbc,
  0x0,0x53,
  0x0,0x74,0x0,0x79,0x0,0x6c,0x0,0x65,0x0,0x2e,0x0,0x71,0x0,0x6d,0x0,0x6c,
    // SavePathSettings.qml
  0x0,0x14,
  0xc,0xf6,0xaf,0xdc,
  0x0,0x53,
  0x0,0x61,0x0,0x76,0x0,0x65,0x0,0x50,0x0,0x61,0x0,0x74,0x0,0x68,0x0,0x53,0x0,0x65,0x0,0x74,0x0,0x74,0x0,0x69,0x0,0x6e,0x0,0x67,0x0,0x73,0x0,0x2e,
  0x0,0x71,0x0,0x6d,0x0,0x6c,
    // AudioInputSelect.qml
  0x0,0x14,
  0xa,0xf4,0x85,0x7c,
  0x0,0x41,
  0x0,0x75,0x0,0x64,0x0,0x69,0x0,0x6f,0x0,0x49,0x0,0x6e,0x0,0x70,0x0,0x75,0x0,0x74,0x0,0x53,0x0,0x65,0x0,0x6c,0x0,0x65,0x0,0x63,0x0,0x74,0x0,0x2e,
  0x0,0x71,0x0,0x6d,0x0,0x6c,
    // SettingsEncoder.qml
  0x0,0x13,
  0x1,0x1b,0x3,0x7c,
  0x0,0x53,
  0x0,0x65,0x0,0x74,0x0,0x74,0x0,0x69,0x0,0x6e,0x0,0x67,0x0,0x73,0x0,0x45,0x0,0x6e,0x0,0x63,0x0,0x6f,0x0,0x64,0x0,0x65,0x0,0x72,0x0,0x2e,0x0,0x71,
  0x0,0x6d,0x0,0x6c,
  
};

static const unsigned char qt_resource_struct[] = {
  // :
  0x0,0x0,0x0,0x0,0x0,0x2,0x0,0x0,0x0,0x10,0x0,0x0,0x0,0x1,
0x0,0x0,0x0,0x0,0x0,0x0,0x0,0x0,
  // :/Style.qml
  0x0,0x0,0x1,0xb4,0x0,0x0,0x0,0x0,0x0,0x1,0x0,0x0,0x37,0xd6,
0x0,0x0,0x1,0x95,0xaa,0xe5,0x54,0x98,
  // :/SettingsEncoder.qml
  0x0,0x0,0x2,0x28,0x0,0x1,0x0,0x0,0x0,0x1,0x0,0x0,0x48,0x16,
0x0,0x0,0x1,0x9c,0x3c,0x41,0x50,0x93,
  // :/StyleParameter.qml
  0x0,0x0,0x0,0xde,0x0,0x0,0x0,0x0,0x0,0x1,0x0,0x0,0x1e,0x74,
0x0,0x0,0x1,0x95,0xaa,0xe5,0x54,0x98,
  // :/VideoSourceSelect.qml
  0x0,0x0,0x1,0x8,0x0,0x1,0x0,0x0,0x0,0x1,0x0,0x0,0x22,0xff,
0x0,0x0,0x1,0x9c,0x3c,0x5d,0x47,0x9a,
  // :/RecordButton.qml
  0x0,0x0,0x1,0x78,0x0,0x0,0x0,0x0,0x0,0x1,0x0,0x0,0x2e,0x51,
0x0,0x0,0x1,0x95,0xaa,0xe5,0x54,0x98,
  // :/qmldir
  0x0,0x0,0x1,0x66,0x0,0x0,0x0,0x0,0x0,0x1,0x0,0x0,0x2e,0x19,
0x0,0x0,0x1,0x95,0xaa,0xe5,0x54,0x98,
  // :/MediaList.qml
  0x0,0x0,0x0,0x48,0x0,0x0,0x0,0x0,0x0,0x1,0x0,0x0,0x5,0x63,
0x0,0x0,0x1,0x9c,0x3c,0x65,0x70,0x71,
  // :/main.qml
  0x0,0x0,0x1,0x9e,0x0,0x1,0x0,0x0,0x0,0x1,0x0,0x0,0x33,0x1f,
0x0,0x0,0x1,0x9c,0x3c,0x65,0x94,0xb0,
  // :/SettingsMetaData.qml
  0x0,0x0,0x1,0x38,0x0,0x1,0x0,0x0,0x0,0x1,0x0,0x0,0x28,0xfa,
0x0,0x0,0x1,0x9c,0x3c,0x41,0x9f,0xe7,
  // :/StyleSlider.qml
  0x0,0x0,0x0,0x86,0x0,0x0,0x0,0x0,0x0,0x1,0x0,0x0,0x18,0xb,
0x0,0x0,0x1,0x95,0xaa,0xe5,0x54,0x98,
  // :/AudioInputSelect.qml
  0x0,0x0,0x1,0xfa,0x0,0x0,0x0,0x0,0x0,0x1,0x0,0x0,0x41,0xa7,
0x0,0x0,0x1,0x9c,0x3c,0x41,0xf8,0xe2,
  // :/SavePathSettings.qml
  0x0,0x0,0x1,0xcc,0x0,0x0,0x0,0x0,0x0,0x1,0x0,0x0,0x3b,0x32,
0x0,0x0,0x1,0x9c,0x3c,0x58,0x8a,0xc5,
  // :/Playback.qml
  0x0,0x0,0x0,0x2a,0x0,0x0,0x0,0x0,0x0,0x1,0x0,0x0,0x0,0xea,
0x0,0x0,0x1,0x95,0xaa,0xe5,0x54,0x98,
  // :/StyleRectangle.qml
  0x0,0x0,0x0,0x0,0x0,0x0,0x0,0x0,0x0,0x1,0x0,0x0,0x0,0x0,
0x0,0x0,0x1,0x95,0xaa,0xe5,0x54,0x98,
  // :/main_no_permissions.qml
  0x0,0x0,0x0,0xaa,0x0,0x0,0x0,0x0,0x0,0x1,0x0,0x0,0x1b,0x89,
0x0,0x0,0x1,0x9c,0x3c,0x42,0xbd,0xa8,
  // :/Controls.qml
  0x0,0x0,0x0,0x68,0x0,0x0,0x0,0x0,0x0,0x1,0x0,0x0,0xd,0xfe,
0x0,0x0,0x1,0x9c,0x3c,0x42,0xbd,0xa8,

};

#ifdef QT_NAMESPACE
#  define QT_RCC_PREPEND_NAMESPACE(name) ::QT_NAMESPACE::name
#  define QT_RCC_MANGLE_NAMESPACE0(x) x
#  define QT_RCC_MANGLE_NAMESPACE1(a, b) a##_##b
#  define QT_RCC_MANGLE_NAMESPACE2(a, b) QT_RCC_MANGLE_NAMESPACE1(a,b)
#  define QT_RCC_MANGLE_NAMESPACE(name) QT_RCC_MANGLE_NAMESPACE2( \
        QT_RCC_MANGLE_NAMESPACE0(name), QT_RCC_MANGLE_NAMESPACE0(QT_NAMESPACE))
#else
#   define QT_RCC_PREPEND_NAMESPACE(name) name
#   define QT_RCC_MANGLE_NAMESPACE(name) name
#endif

#if defined(QT_INLINE_NAMESPACE)
inline namespace QT_NAMESPACE {
#elif defined(QT_NAMESPACE)
namespace QT_NAMESPACE {
#endif

bool qRegisterResourceData(int, const unsigned char *, const unsigned char *, const unsigned char *);
bool qUnregisterResourceData(int, const unsigned char *, const unsigned char *, const unsigned char *);

#if defined(__ELF__) || defined(__APPLE__)
static inline unsigned char qResourceFeatureZlib()
{
    extern const unsigned char qt_resourceFeatureZlib;
    return qt_resourceFeatureZlib;
}
#else
unsigned char qResourceFeatureZlib();
#endif

#ifdef QT_NAMESPACE
}
#endif

int QT_RCC_MANGLE_NAMESPACE(qInitResources_recorder)();
int QT_RCC_MANGLE_NAMESPACE(qInitResources_recorder)()
{
    int version = 3;
    QT_RCC_PREPEND_NAMESPACE(qRegisterResourceData)
        (version, qt_resource_struct, qt_resource_name, qt_resource_data);
    return 1;
}

int QT_RCC_MANGLE_NAMESPACE(qCleanupResources_recorder)();
int QT_RCC_MANGLE_NAMESPACE(qCleanupResources_recorder)()
{
    int version = 3;
    version += QT_RCC_PREPEND_NAMESPACE(qResourceFeatureZlib());
    QT_RCC_PREPEND_NAMESPACE(qUnregisterResourceData)
       (version, qt_resource_struct, qt_resource_name, qt_resource_data);
    return 1;
}

#ifdef __clang__
#   pragma clang diagnostic push
#   pragma clang diagnostic ignored "-Wexit-time-destructors"
#endif

namespace {
   struct initializer {
       initializer() { QT_RCC_MANGLE_NAMESPACE(qInitResources_recorder)(); }
       ~initializer() { QT_RCC_MANGLE_NAMESPACE(qCleanupResources_recorder)(); }
   } dummy;
}

#ifdef __clang__
#   pragma clang diagnostic pop
#endif
